"","Country","cri","MTCO2e","Moratoria_bans_limits","Subsidy_removal","Divestment","Sources","Notes","ISO2","ISO3","UN","CAT_rating","latitude","longitude","global_level","continent_level","mbl_country","mbl_city_region","divestment_city_region","divestment_non_government","subsidy_removal","MBL_Class_Moratorium","MBL_Class_Ban","MBL_Class_Partial_Ban","MBL_Class_Limitation","MBL_Type_Oil","MBL_Type_Gas","MBL_Type_Coal","MBL_Type_Offshore","MBL_Type_Oil_Gas","MBL_Type_Oil_Gas_Coal","MBL_Type_Coal_Gas","MBL_Type_All","MBL_Type_Ore","Div_Type_Full","Div_Type_Partial","Div_Type_Fossil_Free","Div_Type_Coal_Only","Div_Type_Coal_and_Tar_Sands_Only","Div_Orga_Faith_based_Organization","Div_Orga_NGO","Div_Orga_Pension_Fund","Div_Orga_For_Profit_Corporation","Div_Orga_Philanthropic_Foundation","Div_Orga_Government","Div_Orga_Educational_Institution","Div_Orga_Healthcare_Institution","Div_Orga_Cultural_Institution","Div_Orga_Other","Sr_Type_All","Sr_Type_Coal","Sr_Type_Gas","Sr_Type_Oil","Sr_Type_Oil_Gas","Sr_Type_Oil_Coal","Sr_Type_Gas_Coal","treaty_total","Moratoria_bans_limits_total","Divestment_total","Subsidy_removal_total","Policy_total","Government_policies_total","Non_Government_policies_total","oil_production_2020","gas_production_2020","coal_production_2020","oil_production_2020_cat","gas_production_2020_cat","coal_production_2020_cat","MTCO2e_cat","global_emissions_percent","fossil_fuel_share_energy_2019","ff_share_2019_cat","co2_oil_annual_2019","co2_gas_annual_2019","co2_coal_annual_2019","co2_oil_annual_2019_cat","co2_gas_annual_2019_cat","co2_coal_annual_2019_cat"
"1","Afghanistan",43.33,95.41,0,0,0,0,0,"AF","AFG",4,7,33,65,"Global","Asia",0,0,0,0,0,0,0,0,0,0,0,0,0,0,0,0,0,0,0,0,0,0,0,0,0,0,0,0,0,0,0,0,0,0,0,0,0,0,0,0,0,0,0,0,0,0,0,0,0,0,"No data","No data","No data","1-169 MTCO2e",0.029418,0,"No data",3412321,270479,6992747,"1-5 million t","1-5 million t","5-10 million t"
"2","Angola",56,182.19,0,0,0,0,0,"AO","AGO",24,7,-12.5,18.5,"Global","Africa",0,0,0,1,0,0,0,0,0,0,0,0,0,0,0,0,0,0,0,0,1,0,0,1,0,0,0,0,0,0,0,0,0,0,0,0,0,0,0,0,0,0,1,0,1,0,1,803.2828188392,0,0,"500-1000TWH","No data","No data","169-500 MTCO2e",0.104333,0,"No data",20863404,1384265,NA,"10-50 million t","1-5 million t",NA
"3","Albania",58,9.33,0,0,0,0,0,"AL","ALB",8,7,41,20,"Global","Europe",0,0,0,0,0,0,0,0,0,0,0,0,0,0,0,0,0,0,0,0,0,0,0,0,0,0,0,0,0,0,0,0,0,0,0,0,0,0,0,0,0,0,0,0,0,0,0,0,0,0,"No data","No data","No data","1-169 MTCO2e",0.01531,0,"No data",4145541,85935,567106,"1-5 million t","1-5 million t","1-5 million t"
"4","United Arab Emirates",109.17,259.43,0,0,0,0,0,"AE","ARE",784,1,24,54,"Global","Asia",0,0,0,0,0,0,0,0,0,0,0,0,0,0,0,0,0,0,0,0,0,0,0,0,0,0,0,0,0,0,0,0,0,0,0,0,0,0,0,0,0,0,0,0,0,0,0,2099.728807585,580.269469444444,0,"2000-4000TWh","500-1000TWH","No data","169-500 MTCO2e",0.52326,99.229,"95-100%",34422029,138545185,9327675,"10-50 million t","100-500 million t","5-10 million t"
"5","Argentina",63.67,469.73,2,0,2,0,0,"AR","ARG",32,0,-34,-64,"Global","South America",0,2,0,9,0,0,2,0,0,0,2,0,0,0,0,0,0,0,6,1,2,0,0,7,0,0,0,2,0,0,0,0,0,0,0,0,0,0,0,0,0,2,9,0,11,2,9,335.3491220949,416.158165833333,0,"1-500TWh","1-500TWh","No data","169-500 MTCO2e",0.491034,84.271,"80-90%",76107797,94827560,2168838,"50-100 million t","50-100 million t","1-5 million t"
"6","Armenia",98.33,9.36,0,0,0,0,0,"AM","ARM",51,7,40,45,"Global","Asia",0,0,0,0,0,0,0,0,0,0,0,0,0,0,0,0,0,0,0,0,0,0,0,0,0,0,0,0,0,0,0,0,0,0,0,0,0,0,0,0,0,0,0,0,0,0,0,0,0,0,"No data","No data","No data","1-169 MTCO2e",0.016481,0,"No data",982115,4864757,5328,"1-5 million t","1-5 million t","1-5 million t"
"7","Antarctica",0,0,0,0,0,0,0,"AQ","ATA",10,7,-90,0,"Global","Antarctica",0,1,0,0,0,0,1,0,0,0,0,0,0,0,0,0,1,0,0,0,0,0,0,0,0,0,0,0,0,0,0,0,0,0,0,0,0,0,0,0,0,1,0,0,1,1,0,0,0,0,"No data","No data","No data","No data",0,0,"No data",NA,NA,NA,NA,NA,NA
"8","Australia",35.5,507.17,5,1,89,0,0,"AU","AUS",36,2,-27,133,"Global","Oceania",0,8,30,183,1,5,2,1,0,0,6,1,0,1,0,0,0,0,188,11,5,8,1,27,7,112,10,16,30,7,2,1,1,0,0,0,1,0,0,0,8,8,213,1,230,39,183,224.0765949004,1431.49018833333,3669.87767777778,"1-500TWh","1000-1500TWH","3000-4000TWH","500-1000 MTCO2e",1.127881,91.433,"90-95",142063818,81216230,163626960,"100-500 million t","50-100 million t","100-500 million t"
"9","Austria",57,70.62,0,0,1,0,0,"AT","AUT",40,2,47.3333,13.3333,"Global","Europe",0,0,0,6,0,0,0,0,0,0,0,0,0,0,0,0,0,0,3,0,0,3,0,2,0,0,3,1,0,0,0,0,0,0,0,0,0,0,0,0,0,0,6,0,6,0,6,0,0,0,"No data","No data","No data","1-169 MTCO2e",0.18796,66.298,"60-80%",34914975,17505554,12942650,"10-50 million t","10-50 million t","10-50 million t"
"10","Azerbaijan",124.5,73.05,0,0,0,0,0,"AZ","AZE",31,7,40.5,47.5,"Global","Asia",0,0,0,0,0,0,0,0,0,0,0,0,0,0,0,0,0,0,0,0,0,0,0,0,0,0,0,0,0,0,0,0,0,0,0,0,0,0,0,0,0,0,0,0,0,0,0,441.874872,243.182230555556,0,"1-500TWh","1-500TWh","No data","1-169 MTCO2e",0.109272,97.52,"95-100%",13464804,23199716,3664,"10-50 million t","10-50 million t","1-5 million t"
"11","Burundi",33,7.95,0,0,0,0,0,"BI","BDI",108,7,-3.5,30,"Global","Africa",0,0,0,0,0,0,0,0,0,0,0,0,0,0,0,0,0,0,0,0,0,0,0,0,0,0,0,0,0,0,0,0,0,0,0,0,0,0,0,0,0,0,0,0,0,0,0,0,0,0,"No data","No data","No data","1-169 MTCO2e",0.001591,0,"No data",521804,NA,18094,"1-5 million t",NA,"1-5 million t"
"12","Belgium",52.83,107.63,0,0,16,0,0,"BE","BEL",56,2,50.8333,4,"Global","Europe",0,0,0,29,0,0,0,0,0,0,0,0,0,0,0,0,0,0,23,3,1,2,0,20,0,1,3,0,0,5,0,0,0,0,0,0,0,0,0,0,1,0,29,0,30,0,29,0,0,0,"No data","No data","No data","1-169 MTCO2e",0.273614,78.684,"60-80%",44485907,37269303,13243231,"10-50 million t","10-50 million t","10-50 million t"
"13","Benin",124.5,27.36,0,0,0,0,0,"BJ","BEN",204,7,9.5,2.25,"Global","Africa",0,0,0,0,0,0,0,0,0,0,0,0,0,0,0,0,0,0,0,0,0,0,0,0,0,0,0,0,0,0,0,0,0,0,0,0,0,0,0,0,0,0,0,0,0,0,0,0,0,0,"No data","No data","No data","1-169 MTCO2e",0.021948,0,"No data",6912615,79555,307954,"1-10 million t","1-5 million t","1-5 million t"
"14","Burkina Faso",61,38.61,0,0,0,0,0,"BF","BFA",854,7,13,-2,"Global","Africa",0,0,0,0,0,0,0,0,0,0,0,0,0,0,0,0,0,0,0,0,0,0,0,0,0,0,0,0,0,0,0,0,0,0,0,0,0,0,0,0,0,0,0,0,0,0,0,0,0,0,"No data","No data","No data","1-169 MTCO2e",0.011803,0,"No data",4184479,NA,NA,"1-5 million t",NA,NA
"15","Bangladesh",46.17,203.15,0,0,0,0,0,"BD","BGD",50,7,24,90,"Global","Asia",0,0,0,2,0,0,0,0,0,0,0,0,0,0,0,0,0,0,1,0,1,0,0,2,0,0,0,0,0,0,0,0,0,0,0,0,0,0,0,0,0,0,2,0,2,0,2,0,252.844339166667,0,"No data","1-500TWh","No data","169-500 MTCO2e",0.280345,99.363,"95-100%",20503225,69333698,11528032,"10-50 million t","50-100 million t","10-50 million t"
"16","Bulgaria",42.5,44.11,1,0,0,0,0,"BG","BGR",100,2,43,25,"Global","Europe",1,0,0,0,0,0,1,0,0,0,1,0,0,0,0,0,0,0,0,0,0,0,0,0,0,0,0,0,0,0,0,0,0,0,0,0,0,0,0,0,0,1,0,0,1,1,0,0,0,56.7224525,"No data","No data","1-500TWh","1-169 MTCO2e",0.115271,70.059,"60-80%",13233547,5413712,20169135,"10-50 million t","1-10 million t","10-50 million t"
"17","Bosnia and Herzegovina",58.17,27.28,0,0,0,0,0,"BA","BIH",70,7,44,18,"Global","Europe",0,0,0,0,0,0,0,0,0,0,0,0,0,0,0,0,0,0,0,0,0,0,0,0,0,0,0,0,0,0,0,0,0,0,0,0,0,0,0,0,0,0,0,0,0,0,0,0,0,0,"No data","No data","No data","1-169 MTCO2e",0.073052,0,"No data",4604922,467041,21228659,"1-5 million t","1-5 million t","10-50 million t"
"18","Belarus",124.5,80.62,0,0,0,0,0,"BY","BLR",112,7,53,28,"Global","Europe",0,0,0,0,0,0,0,0,0,0,0,0,0,0,0,0,0,0,0,0,0,0,0,0,0,0,0,0,0,0,0,0,0,0,0,0,0,0,0,0,0,0,0,0,0,0,0,0,0,0,"No data","No data","No data","1-169 MTCO2e",0.171464,99.365,"95-100%",18246367,37468624,3589895,"10-50 million t","10-50 million t","1-5 million t"
"19","Belize",124.5,4.94,1,0,0,0,0,"BZ","BLZ",84,7,17.25,-88.75,"Global","North America",1,0,0,0,0,0,1,0,0,1,0,0,0,0,0,0,0,0,0,0,0,0,0,0,0,0,0,0,0,0,0,0,0,0,0,0,0,0,0,0,1,1,0,0,2,1,0,0,0,0,"No data","No data","No data","1-169 MTCO2e",0.001736,0,"No data",632733,63,NA,"1-5 million t","1-5 million t",NA
"20","Bolivia",47,150.52,0,0,0,0,0,"BO","BOL",68,7,-17,-65,"Global","South America",0,0,0,0,0,0,0,0,0,0,0,0,0,0,0,0,0,0,0,0,0,0,0,0,0,0,0,0,0,0,0,0,0,0,0,0,0,0,0,0,0,0,0,0,0,0,0,0,149.503437222222,0,"No data","1-500TWh","No data","1-169 MTCO2e",0.061948,0,"No data",12282330,8736325,NA,"10-50 million t","1-10 million t",NA
"21","Brazil",76.17,1381.11,1,0,1,0,0,"BR","BRA",76,2,-10,-55,"Global","South America",0,1,1,3,0,1,0,0,0,0,1,0,0,0,0,0,0,0,3,0,1,0,0,3,0,0,0,0,1,0,0,0,0,0,0,0,0,0,0,0,1,1,4,0,6,2,3,1753.506542979,257.465270555556,25.1442663888889,"1500-2000TWH","1-500TWh","1-500TWh","1000-5000 MTCO2e",1.277986,53.822,"40-60%",311350597,66084095,65710086,"100-500 million t","50-100 million t","50-100 million t"
"22","Brunei Darussalam",124.5,16.64,0,0,0,0,0,"BN","BRN",96,7,4.5,114.6667,"Global","Asia",2,0,0,0,0,1,0,0,1,1,0,1,0,0,0,0,0,0,0,0,0,0,0,0,0,0,0,0,0,0,0,0,0,0,0,0,0,0,0,0,0,2,0,0,2,2,0,68.62962299266,129.801360555556,0,"1-500TWh","1-500TWh","No data","1-169 MTCO2e",0.024941,0,"No data",2144421,6141851,NA,"1-5 million t","1-10 million t",NA
"23","Bhutan",76.17,-1.47,0,0,0,0,0,"BT","BTN",64,3,27.5,90.5,"Global","Asia",0,0,0,0,0,0,0,0,0,0,0,0,0,0,0,0,0,0,0,0,0,0,0,0,0,0,0,0,0,0,0,0,0,0,0,0,0,0,0,0,0,0,0,0,0,0,0,0,0,0,"No data","No data","No data","<0 MTCO2e",0.004684,0,"No data",574835,NA,772843,"1-5 million t",NA,"1-5 million t"
"24","Botswana",70.17,69.97,0,0,0,0,0,"BW","BWA",72,7,-22,24,"Global","Africa",0,0,0,0,0,0,0,0,0,0,0,0,0,0,0,0,0,0,0,0,0,0,0,0,0,0,0,0,0,0,0,0,0,0,0,0,0,0,0,0,0,0,0,0,0,0,0,0,0,0,"No data","No data","No data","1-169 MTCO2e",0.017333,0,"No data",2863097,NA,3447594,"1-5 million t",NA,"1-5 million t"
"25","Central African Republic",124.5,75.62,0,0,0,0,0,"CF","CAF",140,7,7,21,"Global","Africa",0,0,0,0,0,0,0,0,0,0,0,0,0,0,0,0,0,0,0,0,0,0,0,0,0,0,0,0,0,0,0,0,0,0,0,0,0,0,0,0,0,0,0,0,0,0,0,0,0,0,"No data","No data","No data","1-169 MTCO2e",0.000844,0,"No data",307653,NA,NA,"1-5 million t",NA,NA
"26","Canada",71,779.08,9,2,44,0,0,"CA","CAN",124,2,60,-95,"Global","North America",2,9,2,66,2,7,2,0,1,3,5,1,1,0,0,0,0,0,57,4,5,2,0,30,4,2,3,6,2,19,1,0,1,0,0,0,1,1,0,0,15,11,68,2,96,15,66,3064.064947549,1689.8585,316.325833333333,"2000-4000TWh","1500-2000TWH","1-500TWh","500-1000 MTCO2e",1.582405,66.06,"60-80%",265862999,234200026,51655954,"100-500 million t","100-500 million t","50-100 million t"
"27","Switzerland",85.33,46.66,1,0,11,0,0,"CH","CHE",756,2,47,8,"Global","Europe",0,1,0,21,0,0,1,0,0,0,1,0,0,0,0,0,0,0,5,6,2,7,1,3,0,10,7,1,0,0,0,0,0,0,0,0,0,0,0,0,3,1,21,0,25,1,21,0,0,0,"No data","No data","No data","1-169 MTCO2e",0.103403,50.524,"40-60%",28416120,6846235,479110,"10-50 million t","1-10 million t","1-5 million t"
"28","Chile",25.17,3.62,0,0,0,0,0,"CL","CHL",152,2,-30,-71,"Global","South America",0,0,0,0,0,0,0,0,0,0,0,0,0,0,0,0,0,0,0,0,0,0,0,0,0,0,0,0,0,0,0,0,0,0,0,0,0,0,0,0,0,0,0,0,0,0,0,0,0,0,"No data","No data","No data","1-169 MTCO2e",0.231239,77.149,"60-80%",47431109,11479202,24444998,"10-50 million t","10-50 million t","10-50 million t"
"29","China",38,11577.98,1,1,1,0,0,"CN","CHN",156,1,35,105,"Global","Asia",1,0,0,3,1,1,0,0,0,0,0,0,0,0,0,0,0,1,2,0,0,1,0,0,1,0,2,0,0,0,0,0,0,0,0,1,0,0,0,0,0,1,3,1,5,2,3,2221.49282,1775.59832833333,22154.4387083333,"2000-4000TWh","1500-2000TWH","10000-30000TWh",">10000 MTCO2e",27.920674,85.142,"80-90%",1518178723,593673153,7235953180,"5 billion t","1 billion t","> 7 billion t"
"30","CÃ´te d'Ivoire",95,30.2,0,0,0,0,0,"CI","CIV",384,7,8,-5,"Global","Africa",0,0,0,0,0,0,0,0,0,0,0,0,0,0,0,0,0,0,0,0,0,0,0,0,0,0,0,0,0,0,0,0,0,0,0,0,0,0,0,0,0,0,0,0,0,0,0,0,0,0,"No data","No data","No data","1-169 MTCO2e",0,0,"No data",8264647,4681808,NA,"1-10 million t","1-5 million t",NA
"31","Cameroon",102.83,208.95,0,0,1,0,0,"CM","CMR",120,7,6,12,"Global","Africa",0,0,0,1,0,0,0,0,0,0,0,0,0,0,0,0,0,0,1,0,0,0,0,1,0,0,0,0,0,0,0,0,0,0,0,0,0,0,0,0,0,0,1,0,1,0,1,0,0,0,"No data","No data","No data","169-500 MTCO2e",0.020836,0,"No data",5587123,997058,NA,"1-10 million t","1-5 million t",NA
"32","Congo, (Kinshasa)",65.67,224.74,0,0,0,0,0,"CD","COD",180,7,0,25,"Global","Africa",0,0,0,0,0,0,0,0,0,0,0,0,0,0,0,0,0,0,0,0,0,0,0,0,0,0,0,0,0,0,0,0,0,0,0,0,0,0,0,0,0,0,0,0,0,0,0,0,0,0,"No data","No data","No data","169-500 MTCO2e",0.006264,0,"No data",2202945,NA,NA,"1-5 million t",NA,NA
"33","Congo (Brazzaville)",104,48.99,0,0,0,0,0,"CG","COG",178,7,-1,15,"Global","Africa",0,0,0,0,0,0,0,0,0,0,0,0,0,0,0,0,0,0,0,0,0,0,0,0,0,0,0,0,0,0,0,0,0,0,0,0,0,0,0,0,0,0,0,0,0,0,0,200.3478499601,0,0,"1-500TWh","No data","No data","1-169 MTCO2e",0.009486,0,"No data",2047219,1042232,NA,"1-5 million t","1-5 million t",NA
"34","Colombia",45.67,222.64,0,0,0,0,0,"CO","COL",170,7,4,-72,"Global","South America",0,0,0,2,0,0,0,0,0,0,0,0,0,0,0,0,0,0,1,0,1,0,0,2,0,0,0,0,0,0,0,0,0,0,0,0,0,0,0,0,1,0,2,0,3,0,2,542.6122501857,131.938894166667,673.810713055556,"500-1000TWH","1-500TWh","500-1000TWH","169-500 MTCO2e",0.280457,75.014,"60-80%",48696695,24430688,22758113,"10-50 million t","10-50 million t","10-50 million t"
"35","Costa Rica",77.5,4.59,1,0,0,0,0,"CR","CRI",188,1,10,-84,"Global","North America",1,0,0,0,0,1,0,0,0,0,0,0,0,0,0,0,1,0,0,0,0,0,0,0,0,0,0,0,0,0,0,0,0,0,0,0,0,0,0,0,8,1,0,0,9,1,0,0,0,0,"No data","No data","No data","1-169 MTCO2e",0.023346,0,"No data",7854231,NA,31889,"1-10 million t",NA,"1-5 million t"
"36","Cuba",0,31.75,0,0,0,0,0,"CU","CUB",192,7,21.5,-80,"Global","North America",0,0,0,0,0,0,0,0,0,0,0,0,0,0,0,0,0,0,0,0,0,0,0,0,0,0,0,0,0,0,0,0,0,0,0,0,0,0,0,0,0,0,0,0,0,0,0,0,0,0,"No data","No data","No data","1-169 MTCO2e",0.071316,0,"No data",22585205,2800152,24449,"10-50 million t","1-5 million t","1-5 million t"
"37","Cyprus",124.5,8.23,0,0,0,0,0,"CY","CYP",196,2,35,33,"Global","Europe",0,0,0,0,0,0,0,0,0,0,0,0,0,0,0,0,0,0,0,0,0,0,0,0,0,0,0,0,0,0,0,0,0,0,0,0,0,0,0,0,0,0,0,0,0,0,0,0,0,0,"No data","No data","No data","1-169 MTCO2e",0.020075,95.671,"95-100%",6385964,227,66117,"1-10 million t","1-5 million t","1-5 million t"
"38","Czech Republic",98.67,111.53,1,0,0,0,0,"CZ","CZE",203,2,49.75,15.5,"Global","Europe",1,0,0,1,0,1,0,0,0,0,1,0,0,0,0,0,0,0,1,0,0,0,0,1,0,0,0,0,0,0,0,0,0,0,0,0,0,0,0,0,0,1,1,0,2,1,1,0,0,156.244549166667,"No data","No data","1-500TWh","1-169 MTCO2e",0.277184,78.162,"60-80%",22460027,17292202,57914507,"10-50 million t","10-50 million t","50-100 million t"
"39","Germany",63.83,810.14,1,1,24,0,0,"DE","DEU",276,2,51,9,"Global","Europe",2,0,12,31,1,1,1,0,0,0,1,1,0,0,0,0,0,0,16,13,2,10,1,6,0,6,13,3,12,2,0,0,0,0,1,0,0,0,0,0,3,2,43,1,49,15,31,0,53.3075936111111,330.527778333333,"No data","1-500TWh","1-500TWh","500-1000 MTCO2e",1.926258,77.422,"60-80%",269422970,172918463,235700987,"100-500 million t","100-500 million t","100-500 million t"
"40","Djibouti",124.5,1.47,0,0,0,0,0,"DJ","DJI",262,7,11.5,43,"Global","Africa",0,0,0,0,0,0,0,0,0,0,0,0,0,0,0,0,0,0,0,0,0,0,0,0,0,0,0,0,0,0,0,0,0,0,0,0,0,0,0,0,0,0,0,0,0,0,0,0,0,0,"No data","No data","No data","1-169 MTCO2e",0.001096,0,"No data",330995,NA,NA,"1-5 million t",NA,NA
"41","Denmark",104.17,47.28,2,1,11,0,0,"DK","DNK",208,2,56,10,"Global","Europe",2,1,6,8,1,1,1,0,1,0,0,0,0,1,0,0,1,0,7,4,1,0,2,0,0,5,0,2,6,1,0,0,0,0,0,0,0,1,0,0,0,3,14,1,18,10,8,58.35043142,32.0255677777778,0,"1-500TWh","1-500TWh","No data","1-169 MTCO2e",0.088019,68.429,"60-80%",20562407,6020987,3700858,"10-50 million t","1-10 million t","1-5 million t"
"42","Dominican Republic",74.83,29.11,0,0,0,0,0,"DO","DOM",214,7,19,-70.6667,"Global","North America",0,0,0,1,0,0,0,0,0,0,0,0,0,0,0,0,0,0,0,0,1,0,0,1,0,0,0,0,0,0,0,0,0,0,0,0,0,0,0,0,0,0,1,0,1,0,1,0,0,0,"No data","No data","No data","1-169 MTCO2e",0.075131,0,"No data",16761625,3039004,5574298,"10-50 million t","1-5 million t","5-10 million t"
"43","Algeria",77.5,209.41,0,0,0,0,0,"DZ","DZA",12,7,28,3,"Global","Africa",1,0,0,0,0,0,1,0,0,1,0,0,0,0,0,0,0,0,0,0,0,0,0,0,0,0,0,0,0,0,0,0,0,0,0,0,0,0,0,0,0,1,0,0,1,1,0,748.1579,869.5225,0,"500-1000TWH","500-1000TWH","No data","169-500 MTCO2e",0.471187,99.727,"95-100%",60191971,94403586,2184308,"50-100 million t","50-100 million t","1-5 million t"
"44","Ecuador",69.17,98.95,0,0,0,0,0,"EC","ECU",218,7,-2,-77.5,"Global","South America",0,0,0,1,0,0,0,0,0,0,0,0,0,0,0,0,0,0,1,0,0,0,0,1,0,0,0,0,0,0,0,0,0,0,0,0,0,0,0,0,0,0,1,0,1,0,1,330.9957485124,0,0,"1-500TWh","No data","No data","1-169 MTCO2e",0.111248,69.48,"60-80%",35947773,1181495,NA,"10-50 million t","1-5 million t",NA
"45","Egypt",59.67,316.11,0,0,0,0,0,"EG","EGY",818,7,27,30,"Global","Africa",0,0,0,0,1,0,0,0,0,0,0,0,0,0,0,0,0,0,0,0,0,0,0,0,0,0,0,0,0,0,0,0,0,0,0,0,1,0,0,0,0,0,0,1,1,1,0,369.97356,649.386966944444,0,"1-500TWh","500-1000TWH","No data","169-500 MTCO2e",0.676821,95.444,"95-100%",109319470,114242671,2290511,"100-500 million t","100-500 million t","1-5 million t"
"46","Eritrea",124.5,7.9,0,0,0,0,0,"ER","ERI",232,7,15,39,"Global","Africa",0,0,0,0,0,0,0,0,0,0,0,0,0,0,0,0,0,0,0,0,0,0,0,0,0,0,0,0,0,0,0,0,0,0,0,0,0,0,0,0,0,0,0,0,0,0,0,0,0,0,"No data","No data","No data","1-169 MTCO2e",0.001996,0,"No data",650309,NA,NA,"1-5 million t",NA,NA
"47","Spain",66.33,282.81,2,3,0,0,0,"ES","ESP",724,2,40,-4,"Global","Europe",0,2,0,6,3,0,2,0,0,0,2,0,0,0,0,0,0,0,3,0,1,2,0,4,0,0,2,0,0,0,0,0,0,0,3,0,0,0,0,0,1,2,6,3,12,5,6,0,0,18.3771508333333,"No data","No data","1-500TWh","169-500 MTCO2e",0.693396,73.927,"60-80%",143413194,70999649,21796710,"100-500 million t","50-100 million t","10-50 million t"
"48","Estonia",124.5,19.45,0,0,0,0,0,"EE","EST",233,2,59,26,"Global","Europe",0,0,0,1,0,0,0,0,0,0,0,0,0,0,0,0,0,0,1,0,0,0,0,0,1,0,0,0,0,0,0,0,0,0,0,0,0,0,0,0,0,0,1,0,1,0,1,0,0,0,"No data","No data","No data","1-169 MTCO2e",0.038112,92.399,"90-95",3477046,797655,9231332,"1-5 million t","1-5 million t","5-10 million t"
"49","Ethiopia",64.33,189.82,0,0,0,0,0,"ET","ETH",231,3,8,38,"Global","Africa",0,0,0,0,0,0,0,0,0,0,0,0,0,0,0,0,0,0,0,0,0,0,0,0,0,0,0,0,0,0,0,0,0,0,0,0,0,0,0,0,0,0,0,0,0,0,0,0,0,0,"No data","No data","No data","169-500 MTCO2e",0.044606,0,"No data",11518639,NA,1519907,"10-50 million t",NA,"1-5 million t"
"50","Finland",124.5,62.81,0,0,0,0,0,"FI","FIN",246,2,64,26,"Global","Europe",1,0,0,3,0,0,1,0,0,0,0,1,0,0,0,0,0,0,0,0,0,3,0,0,0,1,2,0,0,0,0,0,0,0,0,0,0,0,0,0,0,1,3,0,4,1,3,0,0,0,"No data","No data","No data","1-169 MTCO2e",0.1143,55.234,"40-60%",20980444,4380067,14930476,"10-50 million t","1-5 million t","10-50 million t"
"51","Fiji",51,0.24,0,0,0,0,0,"FJ","FJI",242,7,-18,175,"Global","Oceania",0,0,0,1,0,0,0,0,0,0,0,0,0,0,0,0,0,0,0,0,1,0,0,1,0,0,0,0,0,0,0,0,0,0,0,0,0,0,0,0,0,0,1,0,1,0,1,0,0,0,"No data","No data","No data","No data",0.006194,0,"No data",2172959,NA,NA,"1-5 million t",NA,NA
"52","Falkland Islands (Malvinas)",0,0,0,0,0,0,0,"FK","FLK",238,7,-51.75,-59,"Global","South America",0,0,0,0,0,0,0,0,0,0,0,0,0,0,0,0,0,0,0,0,0,0,0,0,0,0,0,0,0,0,0,0,0,0,0,0,0,0,0,0,0,0,0,0,0,0,0,0,0,0,"No data","No data","No data","No data",0,0,"No data",NA,NA,NA,NA,NA,NA
"53","France",33.33,349.4,2,0,43,0,0,"FR","FRA",250,2,46,2,"Global","Europe",2,0,36,28,0,0,2,0,0,0,1,0,0,0,0,0,1,0,43,5,2,14,0,4,1,3,14,5,36,0,1,0,0,0,0,0,0,0,0,0,11,2,64,0,77,38,28,0,0,0,"No data","No data","No data","169-500 MTCO2e",0.888405,51.479,"40-60%",195865654,86745961,27274078,"100-500 million t","50-100 million t","10-50 million t"
"54","Gabon",124.5,-84.89,0,0,0,0,0,"GA","GAB",266,6,-1,11.75,"Global","Africa",0,0,0,0,0,0,0,0,0,0,0,0,0,0,0,0,0,0,0,0,0,0,0,0,0,0,0,0,0,0,0,0,0,0,0,0,0,0,0,0,0,0,0,0,0,0,0,126.4954450824,0,0,"1-500TWh","No data","No data","<0 MTCO2e",0.012911,0,"No data",2559973,664705,NA,"1-5 million t","1-5 million t",NA
"55","United Kingdom",65.17,462.81,5,3,149,0,0,"GB","GBR",826,2,54,-2,"Global","Europe",2,4,13,372,3,3,3,0,0,1,4,1,0,0,0,0,0,0,316,21,13,6,27,183,5,14,9,31,13,121,6,0,1,0,0,0,3,0,0,0,11,6,385,3,405,22,372,602.6399395043,395.352276388889,17.5399241666667,"500-1000TWH","1-500TWh","1-500TWh","169-500 MTCO2e",1.014995,79.158,"60-80%",169579061,161254852,27250224,"100-500 million t","100-500 million t","10-50 million t"
"56","Georgia",44,17.41,0,0,0,0,0,"GE","GEO",268,7,42,43.5,"Global","Asia",0,0,0,0,0,0,0,0,0,0,0,0,0,0,0,0,0,0,0,0,0,0,0,0,0,0,0,0,0,0,0,0,0,0,0,0,0,0,0,0,0,0,0,0,0,0,0,0,0,0,"No data","No data","No data","1-169 MTCO2e",0.028228,0,"No data",3567611,4573262,1455571,"1-5 million t","1-5 million t","1-5 million t"
"57","Ghana",23.33,51.26,0,0,0,0,0,"GH","GHA",288,7,8,-2,"Global","Africa",0,0,0,0,1,0,0,0,0,0,0,0,0,0,0,0,0,0,0,0,0,0,0,0,0,0,0,0,0,0,0,0,0,0,0,0,1,0,0,0,0,0,0,1,1,1,0,0,0,0,"No data","No data","No data","1-169 MTCO2e",0.041052,0,"No data",10848352,2561669,NA,"10-50 million t","1-5 million t",NA
"58","Guinea",86.33,45.4,0,0,0,0,0,"GN","GIN",324,7,11,-10,"Global","Africa",0,0,0,0,0,0,0,0,0,0,0,0,0,0,0,0,0,0,0,0,0,0,0,0,0,0,0,0,0,0,0,0,0,0,0,0,0,0,0,0,0,0,0,0,0,0,0,0,0,0,"No data","No data","No data","1-169 MTCO2e",0.008653,0,"No data",3153404,NA,NA,"1-5 million t",NA,NA
"59","Guinea-Bissau",54.83,4.11,0,0,0,0,0,"GW","GNB",624,7,12,-15,"Global","Africa",0,0,0,0,0,0,0,0,0,0,0,0,0,0,0,0,0,0,0,0,0,0,0,0,0,0,0,0,0,0,0,0,0,0,0,0,0,0,0,0,0,0,0,0,0,0,0,0,0,0,"No data","No data","No data","1-169 MTCO2e",0.000881,0,"No data",320957,NA,NA,"1-5 million t",NA,NA
"60","Equatorial Guinea",0,24.5,0,0,0,0,0,"GQ","GNQ",226,7,2,10,"Global","Africa",0,0,0,0,0,0,0,0,0,0,0,0,0,0,0,0,0,0,0,0,0,0,0,0,0,0,0,0,0,0,0,0,0,0,0,0,0,0,0,0,0,0,0,0,0,0,0,86.00617295294,0,0,"1-500TWh","No data","No data","1-169 MTCO2e",0.01546,0,"No data",1238207,2875011,NA,"1-5 million t","1-5 million t",NA
"61","Greece",65.33,86.34,0,0,0,0,0,"GR","GRC",300,2,39,22,"Global","Europe",0,0,0,0,0,0,0,0,0,0,0,0,0,0,0,0,0,0,1,0,0,0,0,1,0,0,0,0,0,0,0,0,0,0,0,0,0,0,0,0,0,0,0,0,0,0,0,0,0,59.63286,"No data","No data","1-500TWh","1-169 MTCO2e",0.184362,87.267,"80-90%",35243170,9889985,18031862,"10-50 million t","1-10 million t","10-50 million t"
"62","Greenland",0,0,0,0,0,0,0,"GL","GRL",304,7,72,-40,"Global","North America",0,0,0,0,0,0,0,0,0,0,0,0,0,0,0,0,0,0,0,0,0,0,0,0,0,0,0,0,0,0,0,0,0,0,0,0,0,0,0,0,0,0,0,0,0,0,0,0,0,0,"No data","No data","No data","No data",0.001423,0,"No data",518656,NA,NA,"1-5 million t",NA,NA
"63","Guatemala",45,43.59,0,0,0,0,0,"GT","GTM",320,7,15.5,-90.25,"Global","North America",0,0,0,0,0,0,0,0,0,0,0,0,0,0,0,0,0,0,0,0,0,0,0,0,0,0,0,0,0,0,0,0,0,0,0,0,0,0,0,0,0,0,0,0,0,0,0,0,0,0,"No data","No data","No data","1-169 MTCO2e",0.056292,0,"No data",12351564,NA,6805054,"10-50 million t",NA,"5-10 million t"
"64","Guyana",124.5,37.6,0,0,0,0,0,"GY","GUY",328,7,5,-59,"Global","South America",0,0,0,0,0,0,0,0,0,0,0,0,0,0,0,0,0,0,0,0,0,0,0,0,0,0,0,0,0,0,0,0,0,0,0,0,0,0,0,0,0,0,0,0,0,0,0,0,0,0,"No data","No data","No data","1-169 MTCO2e",0.00656,0,"No data",2233839,NA,NA,"1-5 million t",NA,NA
"65","Honduras",52.17,51.12,0,0,0,0,0,"HN","HND",340,7,15,-86.5,"Global","North America",0,0,0,0,0,0,0,0,0,0,0,0,0,0,0,0,0,0,0,0,0,0,0,0,0,0,0,0,0,0,0,0,0,0,0,0,0,0,0,0,0,0,0,0,0,0,0,0,0,0,"No data","No data","No data","1-169 MTCO2e",0.029989,0,"No data",8509697,NA,1760258,"1-10 million t",NA,"1-5 million t"
"66","Croatia",82.67,18.9,0,0,0,0,0,"HR","HRV",191,2,45.1667,15.5,"Global","Europe",0,0,0,0,0,0,0,0,0,0,0,0,0,0,0,0,0,0,0,0,0,0,0,0,0,0,0,0,0,0,0,0,0,0,0,0,0,0,0,0,0,0,0,0,0,0,0,0,0,0,"No data","No data","No data","1-169 MTCO2e",0.049071,78.115,"60-80%",9263567,5265142,1711166,"1-10 million t","1-10 million t","1-5 million t"
"67","Haiti",50.33,10.02,0,0,0,0,0,"HT","HTI",332,7,19,-72.4167,"Global","North America",0,0,0,0,0,0,0,0,0,0,0,0,0,0,0,0,0,0,0,0,0,0,0,0,0,0,0,0,0,0,0,0,0,0,0,0,0,0,0,0,1,0,0,0,1,0,0,0,0,0,"No data","No data","No data","1-169 MTCO2e",0.009003,0,"No data",3203888,NA,NA,"1-5 million t",NA,NA
"68","Hungary",96.67,61.15,0,0,0,0,0,"HU","HUN",348,2,47,20,"Global","Europe",0,0,0,0,0,0,0,0,0,0,0,0,0,0,0,0,0,0,0,0,0,0,0,0,0,0,0,0,0,0,0,0,0,0,0,0,0,0,0,0,0,0,0,0,0,0,0,0,0,11.5543119444444,"No data","No data","1-500TWh","1-169 MTCO2e",0.13474,80.619,"80-90%",18822394,20263100,8405144,"10-50 million t","10-50 million t","5-10 million t"
"69","Indonesia",48.67,2228.89,0,0,0,0,0,"ID","IDN",360,1,-5,120,"Global","Asia",5,0,0,1,1,4,4,0,0,0,0,0,0,0,0,0,0,0,1,0,0,0,0,1,0,0,0,0,0,0,0,0,0,0,0,0,1,0,0,0,0,0,1,1,2,1,1,444.0195357607,675.834358333333,4222.59949444444,"1-500TWh","500-1000TWH","4000-5000TWh","1000-5000 MTCO2e",1.694537,93.91,"90-95",235796779,85512844,254629292,"100-500 million t","50-100 million t","100-500 million t"
"70","India",15.33,3230.06,0,0,2,0,0,"IN","IND",356,3,20,77,"Global","Asia",0,0,0,4,0,0,0,0,0,0,0,0,0,0,0,0,0,0,1,1,2,0,0,4,0,0,0,0,0,0,0,0,0,0,0,0,0,0,0,0,1,0,4,0,5,0,4,437.4910111866,269.060051388889,3499.01171111111,"1-500TWh","1-500TWh","3000-4000TWH","1000-5000 MTCO2e",7.179883,91.037,"90-95",672907398,128680060,1669621704,"1 billion t","100-500 million t","> 7 billion t"
"71","Ireland",69.67,65.59,5,0,10,0,0,"IE","IRL",372,2,53,-8,"Global","Europe",1,4,1,38,0,0,5,0,0,0,4,0,0,0,0,0,0,0,29,1,8,1,0,33,1,0,1,1,1,2,0,0,0,0,0,0,0,0,0,0,2,5,39,0,46,6,38,0,0,0,"No data","No data","No data","1-169 MTCO2e",0.101856,83.44,"80-90%",19637163,10780927,4147392,"10-50 million t","10-50 million t","1-5 million t"
"72","Iran, Islamic Republic of",52.17,862.87,0,0,0,0,0,"IR","IRN",364,7,32,53,"Global","Asia",0,0,0,0,0,0,0,0,0,0,0,0,0,0,0,0,0,0,0,0,0,0,0,0,0,0,0,0,0,0,0,0,0,0,0,0,0,0,0,0,0,0,0,0,0,0,0,1834.804876371,2414.215095,0,"1500-2000TWH","2000-4000TWh","No data","500-1000 MTCO2e",2.139124,97.406,"95-100%",253418119,427214943,3534119,"100-500 million t","100-500 million t","1-5 million t"
"73","Iraq",78,195.4,0,0,0,0,0,"IQ","IRQ",368,7,33,44,"Global","Asia",0,0,0,0,0,0,0,0,0,0,0,0,0,0,0,0,0,0,0,0,0,0,0,0,0,0,0,0,0,0,0,0,0,0,0,0,0,0,0,0,0,0,0,0,0,0,0,2723.979828128,109.668538333333,0,"2000-4000TWh","1-500TWh","No data","169-500 MTCO2e",0.607507,98.985,"95-100%",155344633,28306805,NA,"100-500 million t","10-50 million t",NA
"74","Iceland",103.17,3.15,0,0,0,0,0,"IS","ISL",352,7,65,-18,"Global","Europe",0,0,0,0,0,0,0,0,0,0,0,0,0,0,0,0,0,0,0,0,0,0,0,0,0,0,0,0,0,0,0,0,0,0,0,0,0,0,0,0,0,0,0,0,0,0,0,0,0,0,"No data","No data","No data","1-169 MTCO2e",0.009115,20.59,"20-40%",2442831,922,715029,"1-5 million t","1-5 million t","1-5 million t"
"75","Israel",93.17,89.35,0,0,0,0,0,"IL","ISR",376,7,31.5,34.75,"Global","Asia",0,0,0,3,0,0,0,0,0,0,0,0,0,0,0,0,0,0,1,1,0,1,0,0,0,1,1,0,0,1,0,0,0,0,0,0,0,0,0,0,0,0,3,0,3,0,3,0,0,0,"No data","No data","No data","1-169 MTCO2e",0.176097,97.677,"95-100%",21568093,21513545,18826410,"10-50 million t","10-50 million t","10-50 million t"
"76","Italy",34.83,377.27,0,0,23,0,0,"IT","ITA",380,2,42.8333,12.8333,"Global","Europe",0,0,1,48,0,0,0,0,0,0,0,0,0,0,0,0,0,0,41,1,5,2,0,37,7,0,3,0,1,1,0,0,0,0,0,0,0,0,0,0,3,0,49,0,52,1,48,49.7597424673,46.2124744444444,0,"1-500TWh","1-500TWh","No data","169-500 MTCO2e",0.925009,83.71,"80-90%",146102308,146074351,31698970,"100-500 million t","100-500 million t","10-50 million t"
"77","Jamaica",124.5,9.76,0,0,0,0,0,"JM","JAM",388,7,18.25,-77.5,"Global","North America",0,0,0,0,0,0,0,0,0,0,0,0,0,0,0,0,0,0,0,0,0,0,0,0,0,0,0,0,0,0,0,0,0,0,0,0,0,0,0,0,0,0,0,0,0,0,0,0,0,0,"No data","No data","No data","1-169 MTCO2e",0.021992,0,"No data",7039735,279507,360618,"1-10 million t","1-5 million t","1-5 million t"
"78","Jordan",103.5,35.07,0,0,0,0,0,"JO","JOR",400,7,31,36,"Global","Asia",0,0,0,0,0,0,0,0,0,0,0,0,0,0,0,0,0,0,0,0,0,0,0,0,0,0,0,0,0,0,0,0,0,0,0,0,0,0,0,0,0,0,0,0,0,0,0,0,0,0,"No data","No data","No data","1-169 MTCO2e",0.071544,0,"No data",15342196,8473595,578912,"10-50 million t","1-10 million t","1-5 million t"
"79","Japan",46.33,1262.19,0,1,0,0,0,"JP","JPN",392,1,36,138,"Global","Asia",1,0,0,2,1,1,0,0,0,0,0,1,0,0,0,0,0,0,0,0,0,2,0,0,0,0,2,0,0,0,0,0,0,0,0,1,0,0,0,0,0,0,2,1,3,1,2,0,0,4.89310694444444,"No data","No data","1-500TWh","1000-5000 MTCO2e",3.036834,87.449,"80-90%",418785897,218452451,434767774,"100-500 million t","100-500 million t","100-500 million t"
"80","Kazakhstan",93.17,274.51,0,0,0,0,0,"KZ","KAZ",398,2,48,68,"Global","Asia",0,0,0,0,0,0,0,0,0,0,0,0,0,0,0,0,0,0,0,0,0,0,0,0,0,0,0,0,0,0,0,0,0,0,0,0,0,0,0,0,0,0,0,0,0,0,0,1058.840387202,340.419966666667,575.554106388889,"1000-1500TWH","1-500TWh","500-1000TWH","169-500 MTCO2e",0.861103,96.895,"95-100%",49984828,65421600,172425654,"10-50 million t","50-100 million t","100-500 million t"
"81","Kenya",62.17,48.5,0,0,1,0,0,"KE","KEN",404,3,1,38,"Global","Africa",0,1,0,11,1,1,0,0,0,0,0,1,0,0,0,0,0,0,6,0,5,0,0,10,0,0,0,1,0,0,0,0,0,0,0,0,1,0,0,0,0,1,11,1,13,2,11,0,0,0,"No data","No data","No data","1-169 MTCO2e",0.047515,0,"No data",13504612,NA,1212307,"10-50 million t",NA,"1-5 million t"
"82","Kyrgyzstan",88,15.81,0,0,0,0,0,"KG","KGZ",417,7,41,75,"Global","Asia",0,0,0,0,0,0,0,0,0,0,0,0,0,0,0,0,0,0,0,0,0,0,0,0,0,0,0,0,0,0,0,0,0,0,0,0,0,0,0,0,0,0,0,0,0,0,0,0,0,0,"No data","No data","No data","1-169 MTCO2e",0.03151,0,"No data",5420282,631579,4928488,"1-10 million t","1-5 million t","1-5 million t"
"83","Cambodia",54.17,65.46,0,0,0,0,0,"KH","KHM",116,7,13,105,"Global","Asia",1,2,0,0,0,1,0,0,2,1,0,2,0,0,0,0,0,0,0,0,0,0,0,0,0,0,0,0,0,0,0,0,0,0,0,0,0,0,0,0,0,3,0,0,3,3,0,0,0,0,"No data","No data","No data","1-169 MTCO2e",0.04398,0,"No data",7330171,NA,8085131,"1-10 million t",NA,"5-10 million t"
"84","Korea (South)",124.5,657.41,0,1,0,0,0,"KR","KOR",410,1,37,127.5,"Global","Asia",0,0,0,9,1,0,0,0,0,0,0,0,0,0,0,0,0,0,0,0,0,0,0,0,0,0,0,0,0,0,0,0,0,0,1,0,0,0,0,0,0,0,9,1,10,1,9,0,0,5.96307305555556,"No data","No data","1-500TWh","500-1000 MTCO2e",1.677387,86.94,"80-90%",178893963,111235105,298563780,"100-500 million t","100-500 million t","100-500 million t"
"85","Kuwait",124.5,109.81,0,0,0,0,0,"KW","KWT",414,7,29.3375,47.6581,"Global","Asia",0,0,0,0,0,0,0,0,0,0,0,0,0,0,0,0,0,0,0,0,0,0,0,0,0,0,0,0,0,0,0,0,0,0,0,0,0,0,0,0,0,0,0,0,0,0,0,1667.50819048,179.245737222222,0,"1500-2000TWH","1-500TWh","No data","1-169 MTCO2e",0.295082,99.913,"95-100%",57284743,47311451,NA,"50-100 million t","10-50 million t",NA
"86","Lao PDR",81.17,52.29,0,0,0,0,0,"LA","LAO",418,7,18,105,"Global","Asia",0,0,0,0,0,0,0,0,0,0,0,0,0,0,0,0,0,0,0,0,0,0,0,0,0,0,0,0,0,0,0,0,0,0,0,0,0,0,0,0,0,0,0,0,0,0,0,0,0,0,"No data","No data","No data","1-169 MTCO2e",0.090048,0,"No data",3322630,NA,28728969,"1-5 million t",NA,"10-50 million t"
"87","Lebanon",72.33,33.77,0,0,0,0,0,"LB","LBN",422,7,33.8333,35.8333,"Global","Asia",0,0,0,1,0,0,0,0,0,0,0,0,0,0,0,0,0,0,1,0,0,0,0,0,0,0,1,0,0,0,0,0,0,0,0,0,0,0,0,0,1,0,1,0,2,0,1,0,0,0,"No data","No data","No data","1-169 MTCO2e",0.07739,0,"No data",25222229,NA,626544,"10-50 million t",NA,"1-5 million t"
"88","Liberia",86,10.67,0,0,1,0,0,"LR","LBR",430,7,6.5,-9.5,"Global","Africa",0,0,1,0,0,0,0,0,0,0,0,0,0,0,0,0,0,0,1,0,0,0,0,0,0,0,0,0,1,0,0,0,0,0,0,0,0,0,0,0,0,0,1,0,1,1,0,0,0,0,"No data","No data","No data","1-169 MTCO2e",0.003627,0,"No data",1227661,NA,NA,"1-5 million t",NA,NA
"89","Libya",124.5,86.54,0,0,0,0,0,"LY","LBY",434,7,25,17,"Global","Africa",0,0,0,0,0,0,0,0,0,0,0,0,0,0,0,0,0,0,0,0,0,0,0,0,0,0,0,0,0,0,0,0,0,0,0,0,0,0,0,0,0,0,0,0,0,0,0,715.7575147942,145.043396944444,0,"500-1000TWH","1-500TWh","No data","1-169 MTCO2e",0.127404,0,"No data",28844185,8435004,NA,"10-50 million t","1-10 million t",NA
"90","Sri Lanka",86,37.47,0,0,0,0,0,"LK","LKA",144,7,7,81,"Global","Asia",0,0,0,1,0,0,0,0,0,0,0,0,0,0,0,0,0,0,0,0,1,0,0,1,0,0,0,0,0,0,0,0,0,0,0,0,0,0,0,0,0,0,1,0,1,0,1,0,0,0,"No data","No data","No data","1-169 MTCO2e",0.068167,85.948,"80-90%",17468850,NA,6342563,"10-50 million t",NA,"5-10 million t"
"91","Lesotho",124.5,5.22,0,0,0,0,0,"LS","LSO",426,7,-29.5,28.5,"Global","Africa",0,0,0,1,0,0,0,0,0,0,0,0,0,0,0,0,0,0,1,0,0,0,0,1,0,0,0,0,0,0,0,0,0,0,0,0,0,0,0,0,0,0,1,0,1,0,1,0,0,0,"No data","No data","No data","1-169 MTCO2e",0.006101,0,"No data",839442,NA,1383789,"1-5 million t",NA,"1-5 million t"
"92","Lithuania",124.5,17.66,0,0,0,0,0,"LT","LTU",440,2,56,24,"Global","Europe",0,0,0,0,0,0,0,0,0,0,0,0,0,0,0,0,0,0,0,0,0,0,0,0,0,0,0,0,0,0,0,0,0,0,0,0,0,0,0,0,0,0,0,0,0,0,0,0,0,0,"No data","No data","No data","1-169 MTCO2e",0.037,91.585,"90-95",8046785,3804102,827986,"1-10 million t","1-5 million t","1-5 million t"
"93","Luxembourg",124.5,9.78,1,0,0,0,0,"LU","LUX",442,2,49.75,6.1667,"Global","Europe",1,0,0,1,0,0,1,0,0,0,1,0,0,0,0,0,0,0,0,0,0,1,0,0,0,0,1,0,0,0,0,0,0,0,0,0,0,0,0,0,0,1,1,0,2,1,1,0,0,0,"No data","No data","No data","1-169 MTCO2e",0.026851,92.937,"90-95",7363960,1619292,356257,"1-10 million t","1-5 million t","1-5 million t"
"94","Latvia",124.5,-2.33,0,0,0,0,0,"LV","LVA",428,2,57,25,"Global","Europe",0,0,0,0,0,0,0,0,0,0,0,0,0,0,0,0,0,0,0,0,0,0,0,0,0,0,0,0,0,0,0,0,0,0,0,0,0,0,0,0,0,0,0,0,0,0,0,0,0,0,"No data","No data","No data","<0 MTCO2e",0.022673,80.861,"80-90%",4768580,2586096,311133,"1-5 million t","1-5 million t","1-5 million t"
"95","Morocco",121.5,88.05,0,0,0,0,0,"MA","MAR",504,4,32,-5,"Global","Africa",0,0,0,0,0,0,0,0,0,0,0,0,0,0,0,0,0,0,0,0,0,0,0,0,0,0,0,0,0,0,0,0,0,0,0,0,0,0,0,0,0,0,0,0,0,0,0,0,0,0,"No data","No data","No data","1-169 MTCO2e",0.197383,92.914,"90-95",36878415,2008226,25263344,"10-50 million t","1-5 million t","10-50 million t"
"96","Moldova",66.67,11.81,0,0,0,0,0,"MD","MDA",498,7,47,29,"Global","Europe",0,0,0,0,0,0,0,0,0,0,0,0,0,0,0,0,0,0,0,0,0,0,0,0,0,0,0,0,0,0,0,0,0,0,0,0,0,0,0,0,0,0,0,0,0,0,0,0,0,0,"No data","No data","No data","1-169 MTCO2e",0.016349,0,"No data",2888331,1882745,559450,"1-5 million t","1-5 million t","1-5 million t"
"97","Madagascar",23.33,58.13,0,0,0,0,0,"MG","MDG",450,7,-20,47,"Global","Africa",0,0,0,0,0,0,0,0,0,0,0,0,0,0,0,0,0,0,0,0,0,0,0,0,0,0,0,0,0,0,0,0,0,0,0,0,0,0,0,0,0,0,0,0,0,0,0,0,0,0,"No data","No data","No data","1-169 MTCO2e",0.011017,0,"No data",2480518,NA,1440293,"1-5 million t",NA,"1-5 million t"
"98","Mexico",56.33,694.52,0,0,0,0,0,"MX","MEX",484,2,23,-102,"Global","North America",0,0,0,3,0,0,0,0,0,0,0,0,0,0,0,0,0,0,1,0,2,0,0,3,0,0,0,0,0,0,0,0,0,0,0,0,0,0,0,0,0,0,3,0,3,0,3,1103.9011371424,312.948888888889,64.0166666666667,"1000-1500TWH","1-500TWh","1-500TWh","500-1000 MTCO2e",1.203296,91.482,"90-95",225206376,150967138,38706917,"100-500 million t","100-500 million t","10-50 million t"
"99","Macedonia, Republic of",0,10.53,0,0,0,0,0,"MK","MKD",807,7,41.8333,22,"Global","Europe",1,0,0,0,0,0,0,0,1,0,0,1,0,0,0,0,0,0,0,0,0,0,0,0,0,0,0,0,0,0,0,0,0,0,0,0,0,0,0,0,0,1,0,0,1,1,0,0,0,0,"No data","No data","No data","1-169 MTCO2e",0.022067,89.289,"80-90%",2984264,499723,4205632,"1-5 million t","1-5 million t","1-5 million t"
"100","Mali",105.83,48.5,0,0,0,0,0,"ML","MLI",466,7,17,-4,"Global","Africa",0,0,0,0,0,0,0,0,0,0,0,0,0,0,0,0,0,0,0,0,0,0,0,0,0,0,0,0,0,0,0,0,0,0,0,0,0,0,0,0,0,0,0,0,0,0,0,0,0,0,"No data","No data","No data","1-169 MTCO2e",0.009315,0,"No data",3149392,NA,NA,"1-5 million t",NA,NA
"101","Myanmar",20.83,220.03,0,0,0,0,0,"MM","MMR",104,7,22,98,"Global","Asia",0,1,0,1,0,0,0,0,1,0,0,0,0,1,0,0,0,0,1,0,0,0,0,1,0,0,0,0,0,0,0,0,0,0,0,0,0,0,0,0,0,1,1,0,2,1,1,0,184.81905,0,"No data","1-500TWh","No data","169-500 MTCO2e",0.071983,0,"No data",13620745,7619589,3997979,"10-50 million t","1-10 million t","1-5 million t"
"102","Montenegro",124.5,3.43,0,0,0,0,0,"ME","MNE",499,7,42,19,"Global","Europe",0,0,0,0,0,0,0,0,0,0,0,0,0,0,0,0,0,0,0,0,0,0,0,0,0,0,0,0,0,0,0,0,0,0,0,0,0,0,0,0,0,0,0,0,0,0,0,0,0,0,"No data","No data","No data","1-169 MTCO2e",0.006755,0,"No data",911352,NA,1550089,"1-5 million t",NA,"1-5 million t"
"103","Mongolia",59.83,67.59,0,0,0,0,0,"MN","MNG",496,7,46,105,"Global","Asia",0,0,0,0,0,0,0,0,0,0,0,0,0,0,0,0,0,0,0,0,0,0,0,0,0,0,0,0,0,0,0,0,0,0,0,0,0,0,0,0,0,0,0,0,0,0,0,0,0,302.305614444444,"No data","No data","1-500TWh","1-169 MTCO2e",0.179778,0,"No data",4329611,NA,60995183,"1-5 million t",NA,"50-100 million t"
"104","Mozambique",12.17,74.1,0,0,0,0,0,"MZ","MOZ",508,7,-18.25,35,"Global","Africa",0,0,0,0,0,0,0,0,0,0,0,0,0,0,0,0,0,0,0,0,0,0,0,0,0,0,0,0,0,0,0,0,0,0,0,0,0,0,0,0,0,0,0,0,0,0,0,0,0,0,"No data","No data","No data","1-169 MTCO2e",0.02389,0,"No data",6296700,1583577,90471,"1-10 million t","1-5 million t","1-5 million t"
"105","Mauritania",124.5,11.59,0,0,0,0,0,"MR","MRT",478,7,20,-12,"Global","Africa",0,0,0,0,0,0,0,0,0,0,0,0,0,0,0,0,0,0,0,0,0,0,0,0,0,0,0,0,0,0,0,0,0,0,0,0,0,0,0,0,0,0,0,0,0,0,0,0,0,0,"No data","No data","No data","1-169 MTCO2e",0.01123,0,"No data",4092204,NA,NA,"1-5 million t",NA,NA
"106","Malawi",13.83,21.32,0,0,0,0,0,"MW","MWI",454,7,-13.5,34,"Global","Africa",0,0,0,1,0,0,0,0,0,0,0,0,0,0,0,0,0,0,1,0,0,0,0,1,0,0,0,0,0,0,0,0,0,0,0,0,0,0,0,0,0,0,1,0,1,0,1,0,0,0,"No data","No data","No data","1-169 MTCO2e",0.004024,0,"No data",1133172,NA,213511,"1-5 million t",NA,"1-5 million t"
"107","Malaysia",117,162.95,0,0,0,0,0,"MY","MYS",458,7,2.5,112.5,"Global","Asia",0,2,0,1,1,1,0,0,1,0,0,2,0,0,0,0,0,0,0,0,1,0,0,1,0,0,0,0,0,0,0,0,0,0,0,0,0,1,0,0,0,2,1,1,4,3,1,351.3864888828,792.647335277778,0,"1-500TWh","500-1000TWH","No data","1-169 MTCO2e",0.686293,93.613,"90-95",84220655,66116922,81195658,"50-100 million t","50-100 million t","50-100 million t"
"108","Namibia",85.83,20.3,0,0,0,0,0,"NA","NAM",516,7,-22,17,"Global","Africa",0,0,0,0,0,0,0,0,0,0,0,0,0,0,0,0,0,0,0,0,0,0,0,0,0,0,0,0,0,0,0,0,0,0,0,0,0,0,0,0,0,0,0,0,0,0,0,0,0,0,"No data","No data","No data","1-169 MTCO2e",0.011438,0,"No data",3728771,NA,71268,"1-5 million t",NA,"1-5 million t"
"109","New Caledonia",0,0,0,0,0,0,0,"NC","NCL",540,7,-21.5,165.5,"Global","Oceania",0,0,0,0,0,0,0,0,0,0,0,0,0,0,0,0,0,0,0,0,0,0,0,0,0,0,0,0,0,0,0,0,0,0,0,0,0,0,0,0,0,0,0,0,0,0,0,0,0,0,"No data","No data","No data","No data",0.023192,0,"No data",2853793,NA,5558528,"1-5 million t",NA,"5-10 million t"
"110","Niger",77.17,42.76,0,0,0,0,0,"NE","NER",562,7,16,8,"Global","Africa",0,0,0,0,0,0,0,0,0,0,0,0,0,0,0,0,0,0,0,0,0,0,0,0,0,0,0,0,0,0,0,0,0,0,0,0,0,0,0,0,0,0,0,0,0,0,0,0,0,0,"No data","No data","No data","1-169 MTCO2e",0.005859,0,"No data",1817420,NA,297912,"1-5 million t",NA,"1-5 million t"
"111","Nigeria",76,475.77,0,0,1,0,0,"NG","NGA",566,7,10,8,"Global","Africa",0,0,0,3,1,0,0,0,0,0,0,0,0,0,0,0,0,0,3,0,0,0,0,1,1,0,0,1,0,0,0,0,0,0,0,0,1,0,0,0,0,0,3,1,4,1,3,1176.256193825,492.791486111111,0,"1000-1500TWH","1-500TWh","No data","169-500 MTCO2e",0.384251,0,"No data",80544201,35191127,110462,"50-100 million t","10-50 million t","1-5 million t"
"112","Nicaragua",40.83,20.44,0,0,0,0,0,"NI","NIC",558,7,13,-85,"Global","North America",0,0,0,0,0,0,0,0,0,0,0,0,0,0,0,0,0,0,0,0,0,0,0,0,0,0,0,0,0,0,0,0,0,0,0,0,0,0,0,0,0,0,0,0,0,0,0,0,0,0,"No data","No data","No data","1-169 MTCO2e",0.015226,0,"No data",5277831,NA,NA,"1-10 million t",NA,NA
"113","Netherlands",94.5,187.8,2,0,8,0,0,"NL","NLD",528,2,52.5,5.75,"Global","Europe",2,1,2,16,0,0,3,0,0,0,2,1,0,0,0,0,0,0,10,2,1,2,3,2,0,4,8,2,2,0,0,0,0,0,0,0,0,0,0,0,1,3,18,0,22,5,16,0,278.444444444444,0,"No data","1-500TWh","No data","169-500 MTCO2e",0.424865,92.467,"90-95",52422017,74216191,25553066,"50-100 million t","50-100 million t","10-50 million t"
"114","Norway",70.83,25.02,0,0,7,0,0,"NO","NOR",578,2,62,10,"Global","Europe",0,0,1,7,0,0,0,0,0,0,0,0,0,0,0,0,0,0,5,2,0,0,1,1,0,2,1,2,1,1,0,0,0,0,0,0,0,0,0,0,0,0,8,0,8,1,7,913.4818074827,1142.59786916667,0,"500-1000TWH","1000-1500TWH","No data","1-169 MTCO2e",0.116463,32.93,"20-40%",21467039,13452252,4233579,"10-50 million t","10-50 million t","1-5 million t"
"115","Nepal",51.33,61.33,0,0,0,0,0,"NP","NPL",524,6,28,84,"Global","Asia",0,0,0,0,0,0,0,0,0,0,0,0,0,0,0,0,0,0,0,0,0,0,0,0,0,0,0,0,0,0,0,0,0,0,0,0,0,0,0,0,2,0,0,0,2,0,0,0,0,0,"No data","No data","No data","1-169 MTCO2e",0.038181,0,"No data",6995869,NA,6078711,"1-10 million t",NA,"5-10 million t"
"116","New Zealand",75.83,63.22,2,2,18,0,0,"NZ","NZL",554,2,-41,174,"Global","Oceania",1,1,5,16,2,0,2,0,0,1,1,0,0,0,0,0,0,0,18,2,1,0,0,7,0,2,0,0,5,6,0,0,1,0,0,1,1,0,0,0,1,2,21,2,26,9,16,0,0,22.2198225,"No data","No data","1-500TWh","1-169 MTCO2e",0.100273,64.587,"60-80%",20513343,8048247,5780711,"10-50 million t","1-10 million t","5-10 million t"
"117","Oman",33.33,77.82,0,0,0,0,0,"OM","OMN",512,7,21,57,"Global","Asia",0,0,0,0,0,0,0,0,0,0,0,0,0,0,0,0,0,0,0,0,0,0,0,0,0,0,0,0,0,0,0,0,0,0,0,0,0,0,0,0,0,0,0,0,0,0,0,550.4264966132,366.901946388889,0,"500-1000TWH","1-500TWh","No data","1-169 MTCO2e",0.196712,99.998,"95-100%",15731732,50883411,NA,"10-50 million t","50-100 million t",NA
"118","Pakistan",28.17,417.96,1,0,0,0,0,"PK","PAK",586,7,30,70,"Global","Asia",1,0,0,1,0,0,1,0,0,0,0,1,0,0,0,0,0,0,0,0,1,0,0,1,0,0,0,0,0,0,0,0,0,0,0,0,0,0,0,0,0,1,1,0,2,1,1,0,326.862295833333,35.3925636111111,"No data","1-500TWh","1-500TWh","169-500 MTCO2e",0.682861,86.979,"80-90%",77344021,80355861,77016720,"50-100 million t","50-100 million t","50-100 million t"
"119","Panama",104.83,26.66,0,0,0,0,0,"PA","PAN",591,7,9,-80,"Global","North America",0,0,0,1,0,0,0,0,0,0,0,0,0,0,0,0,0,0,1,0,0,0,0,1,0,0,0,0,0,0,0,0,0,0,0,0,0,0,0,0,0,0,1,0,1,0,1,0,0,0,"No data","No data","No data","1-169 MTCO2e",0.03431,0,"No data",11249017,NA,401798,"10-50 million t",NA,"1-5 million t"
"120","Peru",45.5,169.48,0,0,0,0,0,"PE","PER",604,2,-10,-76,"Global","South America",0,0,0,4,0,0,0,0,0,0,0,0,0,0,0,0,0,0,3,0,1,0,0,4,0,0,0,0,0,0,0,0,0,0,0,0,0,0,0,0,1,0,4,0,5,0,4,71.00466108537,134.957921388889,0,"1-500TWh","1-500TWh","No data","169-500 MTCO2e",0.149646,71.207,"60-80%",32686647,16017444,1679883,"10-50 million t","10-50 million t","1-5 million t"
"121","Philippines",28.83,149.76,1,0,0,0,0,"PH","PHL",608,3,13,122,"Global","Asia",3,3,0,2,1,6,0,0,0,0,0,6,0,0,0,0,0,0,2,0,0,0,0,2,0,0,0,0,0,0,0,0,0,0,0,0,1,0,0,0,1,6,2,1,10,7,2,0,0,0,"No data","No data","No data","1-169 MTCO2e",0.395876,88.331,"80-90%",57169819,8139956,69384200,"50-100 million t","1-10 million t","50-100 million t"
"122","Papua New Guinea",41.5,65.31,0,0,1,0,0,"PG","PNG",598,7,-6,147,"Global","Oceania",0,0,0,0,0,0,0,0,0,0,0,0,0,0,0,0,0,0,0,0,0,0,0,0,0,0,0,0,0,0,0,0,0,0,0,0,0,0,0,0,0,0,0,0,0,0,0,0,0,0,"No data","No data","No data","1-169 MTCO2e",0.019447,0,"No data",6245729,841123,NA,"1-10 million t","1-5 million t",NA
"123","Poland",67,349.85,0,1,0,0,0,"PL","POL",616,2,52,20,"Global","Europe",1,0,0,0,1,0,0,0,1,0,0,1,0,0,0,0,0,0,0,0,0,0,0,0,0,0,0,0,0,0,0,0,0,0,1,0,0,0,0,0,1,1,0,1,3,2,0,0,39.8519444444444,518.821151388889,"No data","1-500TWh","500-1000TWH","169-500 MTCO2e",0.88533,93.263,"90-95",87407356,35062090,183131431,"50-100 million t","10-50 million t","100-500 million t"
"124","Puerto Rico",97,0,0,0,0,0,0,"PR","PRI",630,7,18.25,-66.5,"Global","North America",0,0,0,0,0,0,0,0,0,0,0,0,0,0,0,0,0,0,0,0,0,0,0,0,0,0,0,0,0,0,0,0,0,0,0,0,0,0,0,0,0,0,0,0,0,0,0,0,0,0,"No data","No data","No data","No data",0,0,"No data",NA,NA,NA,NA,NA,NA
"125","Korea (North)",0,67.48,0,0,0,0,0,"KP","PRK",408,7,40,127,"Global","Asia",0,0,0,0,0,0,0,0,0,0,0,0,0,0,0,0,0,0,0,0,0,0,0,0,0,0,0,0,0,0,0,0,0,0,0,0,0,0,0,0,0,0,0,0,0,0,0,0,0,0,"No data","No data","No data","1-169 MTCO2e",0.106369,0,"No data",3261477,NA,32905296,"1-5 million t",NA,"10-50 million t"
"126","Portugal",104.5,68.45,0,1,1,0,0,"PT","PRT",620,2,39.5,-8,"Global","Europe",0,0,0,2,1,0,0,0,0,0,0,0,0,0,0,0,0,0,2,0,0,0,0,1,0,0,0,1,0,0,0,0,0,0,0,0,0,1,0,0,0,0,2,1,3,1,2,0,0,0,"No data","No data","No data","1-169 MTCO2e",0.133359,75.546,"60-80%",27065233,11971895,5253707,"10-50 million t","10-50 million t","5-10 million t"
"127","Paraguay",47.5,194.87,0,0,0,0,0,"PY","PRY",600,7,-23,-58,"Global","South America",0,0,0,0,0,0,0,0,0,0,0,0,0,0,0,0,0,0,0,0,0,0,0,0,0,0,0,0,0,0,0,0,0,0,0,0,0,0,0,0,0,0,0,0,0,0,0,0,0,0,"No data","No data","No data","169-500 MTCO2e",0.0227,0,"No data",7916878,NA,5575,"1-10 million t",NA,"1-5 million t"
"128","Qatar",110.33,94.98,0,0,0,0,0,"QA","QAT",634,7,25.5,51.25,"Global","Asia",0,0,0,0,0,0,0,0,0,0,0,0,0,0,0,0,0,0,0,0,0,0,0,0,0,0,0,0,0,0,0,0,0,0,0,0,0,0,0,0,0,0,0,0,0,0,0,903.4665234281,1721.04089944444,0,"500-1000TWH","1500-2000TWH","No data","1-169 MTCO2e",0.300056,99.946,"95-100%",9897328,95795974,NA,"1-10 million t","50-100 million t",NA
"129","Romania",61.5,-58.56,0,0,0,0,0,"RO","ROU",642,2,46,25,"Global","Europe",0,0,0,0,0,0,0,0,0,0,0,0,0,0,0,0,0,0,0,0,0,0,0,0,0,0,0,0,0,0,0,0,0,0,0,0,0,0,0,0,0,0,0,0,0,0,0,41.48421,96.2258663888889,45.6816280555556,"1-500TWh","1-500TWh","1-500TWh","<0 MTCO2e",0.206041,75.623,"60-80%",30655742,21234692,17822333,"10-50 million t","10-50 million t","10-50 million t"
"130","Russian Federation",59.5,2434.46,0,1,0,0,0,"RU","RUS",643,0,60,100,"Global","Europe",0,0,0,0,1,0,0,0,0,0,0,0,0,0,0,0,0,0,0,0,0,0,0,0,0,0,0,0,0,0,0,0,0,0,0,0,1,0,0,0,0,0,0,1,1,1,0,6668.512266187,6790.44837777778,2563.6009,"4000-8000TWh","4000-8000TWh","1000-3000TWH","1000-5000 MTCO2e",4.605661,87.881,"80-90%",397486298,809653052,395032895,"100-500 million t","1 billion t","100-500 million t"
"131","Rwanda",97,7.58,0,0,1,0,0,"RW","RWA",646,7,-2,30,"Global","Africa",0,0,0,1,1,0,0,0,0,0,0,0,0,0,0,0,0,0,0,0,1,0,0,1,0,0,0,0,0,0,0,0,0,0,0,0,1,0,0,0,0,0,1,1,2,1,1,0,0,0,"No data","No data","No data","1-169 MTCO2e",0.003048,0,"No data",938469,41564,NA,"1-5 million t","1-5 million t",NA
"132","Saudi Arabia",72.5,664.23,0,0,0,0,0,"SA","SAU",682,0,25,45,"Global","Asia",0,0,0,0,0,0,0,0,0,0,0,0,0,0,0,0,0,0,0,0,0,0,0,0,0,0,0,0,0,0,0,0,0,0,0,0,0,0,0,0,0,0,0,0,0,0,0,6472.839433974,1111.5,0,"4000-8000TWh","1000-1500TWH","No data","500-1000 MTCO2e",1.597496,99.856,"95-100%",327823499,229627252,NA,"100-500 million t","100-500 million t",NA
"133","Sudan",75.33,151.83,0,0,0,0,0,"SD","SDN",736,7,15,30,"Global","Africa",0,0,0,0,1,0,0,0,0,0,0,0,0,0,0,0,0,0,0,0,0,0,0,0,0,0,0,0,0,0,0,0,0,0,0,0,1,0,0,0,0,0,0,1,1,1,0,55.86966420645,0,0,"1-500TWh","No data","No data","1-169 MTCO2e",0.063062,0,"No data",21425136,NA,NA,"10-50 million t",NA,NA
"134","Senegal",105.83,34.92,0,0,1,0,0,"SN","SEN",686,7,14,-14,"Global","Africa",0,0,0,1,0,0,0,0,0,0,0,0,0,0,0,0,0,0,1,0,0,0,0,0,0,0,0,1,0,0,0,0,0,0,0,0,0,0,0,0,0,0,1,0,1,0,1,0,0,0,"No data","No data","No data","1-169 MTCO2e",0.026955,0,"No data",6683933,39777,1315500,"1-10 million t","1-5 million t","1-5 million t"
"135","Sierra Leone",88.5,13.56,0,0,1,0,0,"SL","SLE",694,7,8.5,-11.5,"Global","Africa",0,0,0,0,0,0,0,0,0,0,0,0,0,0,0,0,0,0,1,0,0,0,0,1,0,0,0,0,0,0,0,0,0,0,0,0,0,0,0,0,0,0,0,0,0,0,0,0,0,0,"No data","No data","No data","1-169 MTCO2e",0.002818,0,"No data",1027063,NA,NA,"1-5 million t",NA,NA
"136","El Salvador",53,13.46,1,0,0,0,0,"SV","SLV",222,7,13.8333,-88.9167,"Global","North America",1,0,0,0,0,0,1,0,0,0,0,0,0,0,0,0,0,1,0,0,0,0,0,0,0,0,0,0,0,0,0,0,0,0,0,0,0,0,0,0,0,1,0,0,1,1,0,0,0,0,"No data","No data","No data","1-169 MTCO2e",0.017034,0,"No data",5819633,NA,NA,"1-10 million t",NA,NA
"137","Somalia",0,40.06,0,0,0,0,0,"SO","SOM",706,7,10,49,"Global","Africa",0,0,0,2,0,0,0,0,0,0,0,0,0,0,0,0,0,0,1,0,0,0,0,0,1,0,0,0,0,0,0,0,0,0,0,0,0,0,0,0,0,0,2,0,2,0,2,0,0,0,"No data","No data","No data","1-169 MTCO2e",0.001859,0,"No data",677567,NA,NA,"1-5 million t",NA,NA
"138","Serbia",75.5,62.92,0,0,0,0,0,"RS","SRB",688,7,44,21,"Global","Europe",0,0,0,0,0,0,0,0,0,0,0,0,0,0,0,0,0,0,0,0,0,0,0,0,0,0,0,0,0,0,0,0,0,0,0,0,0,0,0,0,0,0,0,0,0,0,0,0,0,80.0875086111111,"No data","No data","1-500TWh","1-169 MTCO2e",0.150013,0,"No data",8969040,4939422,40009311,"1-10 million t","1-5 million t","10-50 million t"
"139","Suriname",124.5,7.68,0,0,0,0,0,"SR","SUR",740,7,4,-56,"Global","South America",0,0,0,0,0,0,0,0,0,0,0,0,0,0,0,0,0,0,0,0,0,0,0,0,0,0,0,0,0,0,0,0,0,0,0,0,0,0,0,0,0,0,0,0,0,0,0,0,0,0,"No data","No data","No data","1-169 MTCO2e",0.007151,0,"No data",2536733,7653,NA,"1-5 million t","1-5 million t",NA
"140","Slovakia",105.33,33.48,0,1,0,0,0,"SK","SVK",703,2,48.6667,19.5,"Global","Europe",1,0,0,0,1,0,0,0,1,0,0,1,0,0,0,0,0,0,0,0,0,0,0,0,0,0,0,0,0,0,0,0,0,0,1,0,0,0,0,0,0,1,0,1,2,2,0,0,0,0,"No data","No data","No data","1-169 MTCO2e",0.09142,69.798,"60-80%",9745359,9574552,11682127,"1-10 million t","1-10 million t","10-50 million t"
"141","Slovenia",124.5,10.98,0,0,0,0,0,"SI","SVN",705,2,46,15,"Global","Europe",0,0,0,0,0,0,0,0,0,0,0,0,0,0,0,0,0,0,0,0,0,0,0,0,0,0,0,0,0,0,0,0,0,0,0,0,0,0,0,0,0,0,0,0,0,0,0,0,0,0,"No data","No data","No data","1-169 MTCO2e",0.037585,64.312,"60-80%",6844496,1701629,4466708,"1-10 million t","1-5 million t","1-5 million t"
"142","Sweden",90.33,45.48,0,0,17,0,0,"SE","SWE",752,2,62,15,"Global","Europe",0,0,10,14,0,0,0,0,0,0,0,0,0,0,0,0,0,0,17,3,0,2,2,1,1,3,4,0,10,5,0,0,0,0,0,0,0,0,0,0,0,0,24,0,24,10,14,0,0,0,"No data","No data","No data","1-169 MTCO2e",0.117357,31.112,"20-40%",29632250,1939038,8213367,"10-50 million t","1-5 million t","5-10 million t"
"143","Swaziland",109.33,0,0,0,0,0,0,"SZ","SWZ",748,7,-26.5,31.5,"Global","Africa",0,0,0,0,0,0,0,0,0,0,0,0,0,0,0,0,0,0,0,0,0,0,0,0,0,0,0,0,0,0,0,0,0,0,0,0,0,0,0,0,0,0,0,0,0,0,0,0,0,0,"No data","No data","No data","No data",0.002672,0,"No data",843189,NA,130658,"1-5 million t",NA,"1-5 million t"
"144","Syrian Arab Republic (Syria)",0,43.9,0,0,0,0,0,"SY","SYR",760,7,35,38,"Global","Asia",0,0,0,0,0,0,0,0,0,0,0,0,0,0,0,0,0,0,0,0,0,0,0,0,0,0,0,0,0,0,0,0,0,0,0,0,0,0,0,0,0,0,0,0,0,0,0,17.56816800346,33.27025,0,"1-500TWh","1-500TWh","No data","1-169 MTCO2e",0.073984,0,"No data",17160448,7240439,3664,"10-50 million t","1-10 million t","1-5 million t"
"145","Chad",124.5,102.57,0,0,0,0,0,"TD","TCD",148,7,15,19,"Global","Africa",0,0,0,0,0,0,0,0,0,0,0,0,0,0,0,0,0,0,0,0,0,0,0,0,0,0,0,0,0,0,0,0,0,0,0,0,0,0,0,0,0,0,0,0,0,0,0,77.4949587915,0,0,"1-500TWh","No data","No data","1-169 MTCO2e",0.002827,0,"No data",953343,NA,NA,"1-5 million t",NA,NA
"146","Togo",114.33,14.86,0,0,0,0,0,"TG","TGO",768,7,8,1.1667,"Global","Africa",0,0,0,0,0,0,0,0,0,0,0,0,0,0,0,0,0,0,0,0,0,0,0,0,0,0,0,0,0,0,0,0,0,0,0,0,0,0,0,0,1,0,0,0,1,0,0,0,0,0,"No data","No data","No data","1-169 MTCO2e",0.00895,0,"No data",2447298,NA,NA,"1-5 million t",NA,NA
"147","Thailand",57,418.07,0,0,0,0,0,"TH","THA",764,7,15,100,"Global","Asia",1,0,0,1,1,1,0,0,0,0,0,0,0,0,0,0,0,0,0,0,1,0,0,1,0,0,0,0,0,0,0,0,0,0,0,1,0,0,0,0,0,1,1,1,3,2,1,195.4299702499,357.726871111111,41.0717702777778,"1-500TWh","1-500TWh","1-500TWh","169-500 MTCO2e",0.791078,93.815,"90-95",128289489,83646519,59601155,"100-500 million t","50-100 million t","50-100 million t"
"148","Tajikistan",37.67,13.93,0,0,0,0,0,"TJ","TJK",762,7,39,71,"Global","Asia",0,0,0,0,0,0,0,0,0,0,0,0,0,0,0,0,0,0,0,0,0,0,0,0,0,0,0,0,0,0,0,0,0,0,0,0,0,0,0,0,0,0,0,0,0,0,0,0,0,0,"No data","No data","No data","1-169 MTCO2e",0.024642,0,"No data",2685278,3997,5759671,"1-5 million t","1-5 million t","5-10 million t"
"149","Turkmenistan",0,126.56,0,0,0,0,0,"TM","TKM",795,7,40,60,"Global","Asia",0,0,0,0,0,0,0,0,0,0,0,0,0,0,0,0,0,0,0,0,0,0,0,0,0,0,0,0,0,0,0,0,0,0,0,0,0,0,0,0,0,0,0,0,0,0,0,141.7697,631.631840555556,0,"1-500TWh","500-1000TWH","No data","1-169 MTCO2e",0.235025,99.994,"95-100%",22084092,62226841,NA,"10-50 million t","50-100 million t",NA
"150","Timor-Leste",124.5,12.87,0,0,0,0,0,"TL","TLS",626,7,-8.55,125.5167,"Global","Asia",0,0,0,0,0,0,0,0,0,0,0,0,0,0,0,0,0,0,0,0,0,0,0,0,0,0,0,0,0,0,0,0,0,0,0,0,0,0,0,0,1,0,0,0,1,0,0,0,0,0,"No data","No data","No data","1-169 MTCO2e",0.001521,0,"No data",554451,NA,NA,"1-5 million t",NA,NA
"151","Tunisia",124.5,39.25,0,0,0,0,0,"TN","TUN",788,7,34,9,"Global","Africa",0,0,0,0,1,0,0,0,0,0,0,0,0,0,0,0,0,0,0,0,0,0,0,0,0,0,0,0,0,0,0,0,0,0,0,0,1,0,0,0,0,0,0,1,1,1,0,22.965761,0,0,"1-500TWh","No data","No data","1-169 MTCO2e",0.085104,0,"No data",14656335,12472490,NA,"10-50 million t","10-50 million t",NA
"152","Turkey",106,396.03,0,0,0,0,0,"TR","TUR",792,0,39,35,"Global","Asia",0,0,0,0,0,0,0,0,0,0,0,0,0,0,0,0,0,0,0,0,0,0,0,0,0,0,0,0,0,0,0,0,0,0,0,0,0,0,0,0,0,0,0,0,0,0,0,0,0,201.772934166667,"No data","No data","1-500TWh","169-500 MTCO2e",1.11172,81.426,"80-90%",118149949,87708430,161877226,"100-500 million t","50-100 million t","100-500 million t"
"153","Taiwan, Republic of China",56.17,0,0,0,0,0,0,"TW","TWN",158,7,23.5,121,"Global","Asia",0,0,0,1,0,0,0,0,0,0,0,0,0,0,0,0,0,0,0,0,0,0,0,0,0,0,0,0,0,0,0,0,0,0,0,0,0,0,0,0,0,0,1,0,1,0,1,0,0,0,"No data","No data","No data","No data",0.720717,91.5,"90-95",65525847,40971197,151515498,"50-100 million t","10-50 million t","100-500 million t"
"154","Tanzania, United Republic of",68.67,319.78,0,0,1,0,0,"TZ","TZA",834,7,-6,35,"Global","Africa",0,3,0,0,0,0,2,0,1,0,0,2,0,0,0,0,0,0,0,0,0,0,0,0,0,0,0,0,0,0,0,0,0,0,0,0,0,0,0,0,0,3,0,0,3,3,0,0,0,0,"No data","No data","No data","169-500 MTCO2e",0.031904,0,"No data",7223487,1683330,1476482,"1-10 million t","1-5 million t","1-5 million t"
"155","Uganda",110.5,81.13,0,0,1,0,0,"UG","UGA",800,7,1,32,"Global","Africa",0,0,0,5,0,0,0,0,0,0,0,0,0,0,0,0,0,0,3,0,2,0,0,3,2,0,0,0,0,0,0,0,0,0,0,0,0,0,0,0,0,0,5,0,5,0,5,0,0,0,"No data","No data","No data","1-169 MTCO2e",0.015179,0,"No data",5159634,NA,NA,"1-10 million t",NA,NA
"156","Ukraine",89.33,283.65,0,0,0,0,0,"UA","UKR",804,0,49,32,"Global","Europe",0,0,0,8,0,0,0,0,0,0,0,0,0,0,0,0,0,0,5,0,3,0,0,8,0,0,0,0,0,0,0,0,0,0,0,0,0,0,0,0,0,0,8,0,8,0,8,0,194.0142575,162.235973611111,"No data","1-500TWh","1-500TWh","169-500 MTCO2e",0.612571,75.112,"60-80%",37316678,61806758,115181894,"10-50 million t","50-100 million t","100-500 million t"
"157","Uruguay",97.5,26.52,1,0,0,0,0,"UY","URY",858,7,-33,-56,"Global","South America",1,0,0,0,0,0,1,0,0,0,1,0,0,0,0,0,0,0,0,0,0,0,0,0,0,0,0,0,0,0,0,0,0,0,0,0,0,0,0,0,0,1,0,0,1,1,0,0,0,0,"No data","No data","No data","1-169 MTCO2e",0.017502,0,"No data",5936712,126281,22299,"1-10 million t","1-5 million t","1-5 million t"
"158","United States of America",36.17,5833.01,84,0,295,0,0,"US","USA",840,0,38,-97,"Global","North America",4,84,54,417,0,23,64,0,0,6,68,1,6,4,1,0,1,0,412,21,15,20,3,128,29,18,31,112,54,86,9,3,1,0,0,0,0,0,0,0,17,88,471,0,576,142,417,8697.416762574,9299.87527222222,3969.05413333333,"8000-10000TWh","8000-10000TWh","3000-4000TWH","5000-10000 MTCO2e",14.501908,83.263,"80-90%",2342535570,1706872671,1094657369,"5 billion t","5 billion t","> 7 billion t"
"159","Uzbekistan",124.5,213.33,0,0,0,0,0,"UZ","UZB",860,7,41,64,"Global","Asia",0,0,0,0,0,0,0,0,0,0,0,0,0,0,0,0,0,0,0,0,0,0,0,0,0,0,0,0,0,0,0,0,0,0,0,0,0,0,0,0,0,0,0,0,0,0,0,32.753569,572.933566944444,13.4262622222222,"1-500TWh","500-1000TWH","1-500TWh","169-500 MTCO2e",0.30253,96.75,"95-100%",8955105,89731749,8152570,"1-10 million t","50-100 million t","5-10 million t"
"160","Venezuela (Bolivarian Republic)",124.5,352.08,0,0,0,0,0,"VE","VEN",862,7,8,-66,"Global","South America",0,0,0,0,0,0,0,0,0,0,0,0,0,0,0,0,0,0,0,0,0,0,0,0,0,0,0,0,0,0,0,0,0,0,0,0,0,0,0,0,0,0,0,0,0,0,0,542.2557783579,255.762186388889,2.09235972222222,"500-1000TWH","1-500TWh","1-500TWh","169-500 MTCO2e",0.320207,74.609,"60-80%",47200577,32774721,285329,"10-50 million t","10-50 million t","1-5 million t"
"161","Viet Nam",43.5,320.67,0,0,0,0,0,"VN","VNM",704,0,16,106,"Global","Asia",2,0,0,0,0,2,0,0,0,0,0,2,0,0,0,0,0,0,0,0,0,0,0,0,0,0,0,0,0,0,0,0,0,0,0,0,0,0,0,0,0,2,0,0,2,2,0,133.072786,98.5265,302.106198888889,"1-500TWh","1-500TWh","1-500TWh","169-500 MTCO2e",0.679746,84.784,"80-90%",61826515,18500147,135229754,"50-100 million t","10-50 million t","100-500 million t"
"162","Yemen",41.83,22.74,0,0,0,0,0,"YE","YEM",887,7,15,48,"Global","Asia",0,0,0,0,0,0,0,0,0,0,0,0,0,0,0,0,0,0,0,0,0,0,0,0,0,0,0,0,0,0,0,0,0,0,0,0,0,0,0,0,0,0,0,0,0,0,0,47.39354560526,1.002225,0,"1-500TWh","1-500TWh","No data","1-169 MTCO2e",0.028141,0,"No data",7832185,1248618,337088,"1-10 million t","1-5 million t","1-5 million t"
"163","South Africa",45.67,503.05,2,0,5,0,0,"ZA","ZAF",710,1,-29,24,"Global","Africa",4,3,1,7,0,4,1,0,2,0,2,3,0,2,0,0,0,0,7,0,0,0,0,3,0,1,0,1,1,1,0,0,0,0,0,0,0,0,0,0,0,7,8,0,15,8,7,0,0,1726.00615416667,"No data","No data","1000-3000TWH","500-1000 MTCO2e",1.313364,95.382,"95-100%",53532006,9421118,410449977,"50-100 million t","1-10 million t","100-500 million t"
"164","Zambia",98.33,495.17,0,0,0,0,0,"ZM","ZMB",894,7,-15,30,"Global","Africa",0,0,0,2,0,0,0,0,0,0,0,0,0,0,0,0,0,0,1,0,1,0,0,2,0,0,0,0,0,0,0,0,0,0,0,0,0,0,0,0,0,0,2,0,2,0,2,0,0,0,"No data","No data","No data","169-500 MTCO2e",0.018442,0,"No data",3796712,NA,1878171,"1-5 million t",NA,"1-5 million t"
"165","Zimbabwe",29.5,66.16,0,0,0,0,0,"ZW","ZWE",716,7,-20,30,"Global","Africa",0,1,0,0,1,0,1,0,0,0,0,1,0,0,0,0,0,0,0,0,0,0,0,0,0,0,0,0,0,0,0,0,0,0,0,0,0,1,0,0,0,1,0,1,2,2,0,0,0,19.7000186111111,"No data","No data","1-500TWh","1-169 MTCO2e",0.028468,0,"No data",3489081,NA,6303997,"1-5 million t",NA,"5-10 million t"
