"","Category","Fuel_type","Fuel_subtype","Country","ISO2","ISO3","UN","City_state_or_province","mbl_country","mbl_city_region","Start","End","Sources_and_more_info","Sources_2","Sources_3","Policy","Sources_and_more_info_hyperlinks","Column1","a","b","MBL_Class_Moratorium","MBL_Class_Ban","MBL_Class_Partial_Ban","MBL_Class_Limitation","MBL_Type_Oil","MBL_Type_Gas","MBL_Type_Coal","MBL_Type_Offshore","MBL_Type_Oil_Gas","MBL_Type_Oil_Gas_Coal","MBL_Type_Coal_Gas","MBL_Type_All","MBL_Type_Ore","Date","date"
"1","Moratorium","Oil, Gas & Coal",NA,"United States of America","US","USA",840,"All federal lands",0,1,2021,"ongoing","https://www.worldoil.com/news/2021/1/21/biden-prepares-to-end-new-oil-and-coal-leases-on-federal-land",NA,NA,1,"Link","Link",4,84,23,64,0,0,6,68,1,6,4,1,0,1,0,2021-01-01,2021-01-01
"2","Ban","All",NA,"International","AQ","ATA",10,"Antarctica",0,1,1998,"ongoing","http://www.ats.aq/documents/recatt/Att006_e.pdf",NA,NA,1,"Link","Link",0,1,0,1,0,0,0,0,0,0,0,0,0,1,0,1998-01-01,1998-01-01
"3","Moratorium","Offshore",NA,"Canada","CA","CAN",124,"Arctic",1,1,2016,"ongoing","https://www.rcaanc-cirnac.gc.ca/eng/1535571547022/1538586415269","https://ipolitics.ca/2019/08/08/trudeau-government-expands-moratorium-on-oil-and-gas-work-in-arctic-waters/",NA,1,"Link","Link",2,9,7,2,0,1,3,5,1,1,0,0,0,0,0,2016-01-01,2016-01-01
"4","Moratorium","Offshore",NA,"United States of America","US","USA",840,"Arctic",1,1,2016,"ongoing","https://www.washingtonpost.com/news/energy-environment/wp/2016/12/20/president-obama-expected-to-ban-oil-drilling-in-large-areas-of-atlantic-and-arctic-oceans/","https://www.cbc.ca/news/technology/obama-ban-offshore-drilling-arctic-atlantic-1.3905384",NA,1,"Link","Link",4,84,23,64,0,0,6,68,1,6,4,1,0,1,0,2016-01-01,2016-01-01
"5","Moratorium","Oil & Gas","Oil & Gas","United States of America","US","USA",840,"Arctic",0,1,2021,"ongoing","https://climate-laws.org/geographies/united-states-of-america/policies/executive-order-on-protecting-public-health-and-the-environment-and-restoring-science-to-tackle-the-climate-crisis",NA,NA,1,"Link","Link",4,84,23,64,0,0,6,68,1,6,4,1,0,1,0,2021-01-01,2021-01-01
"6","Moratorium","Offshore",NA,"United States of America","US","USA",840,"Atlantic Coast; eastern Gulf of Mexico",0,1,2010,"2017","https://www.washingtonpost.com/wp-dyn/content/article/2010/12/01/AR2010120107185.html",NA,NA,1,"Link","Link",4,84,23,64,0,0,6,68,1,6,4,1,0,1,0,2010-01-01,2010-01-01
"7","Moratorium","Coal",NA,"Brunei Darussalam","BN","BRN",96,"Bandar Seri Begawan (National)",1,0,2030,NA,"https://ukcop26.org/global-coal-to-clean-power-transition-statement/",NA,NA,1,"Link","Link",2,0,1,0,0,1,1,0,1,0,0,0,0,0,0,2030-01-01,2030-01-01
"8","Limitation","Oil","Offshore","Brunei Darussalam","BN","BRN",96,"Bandar Seri Begawan (National)",1,0,2023,NA,"https://thescoop.co/2021/06/28/over-1000-ageing-oil-wells-to-close-in-next-30-years/","https://borneobulletin.com.bn/decommissioning-of-oil-and-gas-structure-part-of-normal-life-cycle-bsp/",NA,1,"Link","Link",2,0,1,0,0,1,1,0,1,0,0,0,0,0,0,2023-01-01,2023-01-01
"9","Moratorium","Oil","Offshore","Canada","CA","CAN",124,"British Columbia",0,1,1959,"1966","file:///home/chronos/u-abc8fdc6736d53a2de500e100fe62abb14e96c3e/MyFiles/Downloads/41AltaLRev101.pdf",NA,NA,1,"Link","Link",2,9,7,2,0,1,3,5,1,1,0,0,0,0,0,1959-01-01,1959-01-01
"10","Moratorium","Oil","Offshore","Canada","CA","CAN",124,"British Columbia",0,1,1972,"ongoing","https://www.energyregulationquarterly.ca/articles/proposed-oil-tanker-moratorium-act-a-brief-look-at-the-history-of-the-moratorium","https://www.resourceworks.com/moratorium",NA,1,"Link","Link",2,9,7,2,0,1,3,5,1,1,0,0,0,0,0,1972-01-01,1972-01-01
"11","Moratorium","Oil","Offshore","Canada","CA","CAN",124,"British Columbia",0,1,1989,"Uncertain","https://www.energyregulationquarterly.ca/articles/proposed-oil-tanker-moratorium-act-a-brief-look-at-the-history-of-the-moratorium","https://www.resourceworks.com/moratorium",NA,1,"Link","Link",2,9,7,2,0,1,3,5,1,1,0,0,0,0,0,1989-01-01,1989-01-01
"12","Moratorium","Oil & Gas",NA,"United States of America","US","USA",840,"Broomfield, Colorado",0,1,2020,"ongoing","https://www.dailycamera.com/2020/11/12/broomfield-extends-oil-and-gas-moratorium-another-6-months/",NA,NA,1,"Link","Link",4,84,23,64,0,0,6,68,1,6,4,1,0,1,0,2020-01-01,2020-01-01
"13","Ban","Offshore",NA,"United States of America","US","USA",840,"California",0,1,1969,"ongoing","https://www.environmentaldefensecenter.org/california-coastal-sanctuary-act-of-1994/",NA,NA,1,"Link","Link",4,84,23,64,0,0,6,68,1,6,4,1,0,1,0,1969-01-01,1969-01-01
"14","Moratorium","Offshore",NA,"United States of America","US","USA",840,"California",0,1,1982,"2008","https://us.eversheds-sutherland.com/files/News/0e55315d-cbcc-4ce0-a556-1080a70696c4/Presentation/NewsAttachment/077a264f-154c-49b7-bf72-1093d9cc43b3/EnergyAlertOCSMoratorium10108.pdf","https://www.lexology.com/library/detail.aspx?g=4cb13ed2-aed3-4d0f-8b85-59e23a8ed659",NA,1,"Link","Link",4,84,23,64,0,0,6,68,1,6,4,1,0,1,0,1982-01-01,1982-01-01
"15","Ban","Gas","Shale","United States of America","US","USA",840,"California",0,1,2014,"ongoing","https://www.reuters.com/article/us-us-fracking-california/beverly-hills-becomes-first-in-california-to-ban-fracking-idusBREA4603O20140507","https://www.ecowatch.com/beverly-hills-becomes-first-city-in-california-to-pass-fracking-ban-1881899667.html",NA,1,"Link","Link",4,84,23,64,0,0,6,68,1,6,4,1,0,1,0,2014-01-01,2014-01-01
"16","Ban","Gas","Shale","United States of America","US","USA",840,"California",0,1,2014,"ongoing","http://www.latimes.com/local/lanow/la-me-ln-moratorium-oil-drilling-carson-fracking-20140430-story.html","https://www.ecowatch.com/carson-city-bans-fracking-1891078841.html",NA,1,"Link","Link",4,84,23,64,0,0,6,68,1,6,4,1,0,1,0,2014-01-01,2014-01-01
"17","Ban","Gas","Shale","United States of America","US","USA",840,"California",0,1,2014,"ongoing","http://www.pressdemocrat.com/news/3070579-181/mendocino-county-voters-ban-fracking","https://ballotpedia.org/Mendocino_County_Community_Bill_of_Rights_Fracking_and_Water_use_Initiative,_Measure_S_(November_2014)",NA,1,"Link","Link",4,84,23,64,0,0,6,68,1,6,4,1,0,1,0,2014-01-01,2014-01-01
"18","Ban","Gas","Shale","United States of America","US","USA",840,"California",0,1,2014,"ongoing","http://www.ksbw.com/article/san-benito-county-voters-pass-fracking-ban-with-measure-j/1055290","https://www.mercurynews.com/2015/04/06/fracking-oil-company-drops-lawsuit-attempting-to-overturn-san-benito-county-ban/",NA,1,"Link","Link",4,84,23,64,0,0,6,68,1,6,4,1,0,1,0,2014-01-01,2014-01-01
"19","Ban","Gas","Shale","United States of America","US","USA",840,"California",0,1,2014,"ongoing","https://www.reuters.com/article/california-fracking-idusL1N0O700J20140521","https://www.californialandusedevelopmentlaw.com/2014/05/23/santa-cruz-becomes-first-county-to-ban-fracking/",NA,1,"Link","Link",4,84,23,64,0,0,6,68,1,6,4,1,0,1,0,2014-01-01,2014-01-01
"20","Ban","Gas","Shale","United States of America","US","USA",840,"California",0,1,2016,"ongoing","http://www.dailycal.org/2016/07/31/alameda-county-first-in-bay-area-to-ban-fracking/","https://www.ecowatch.com/alameda-county-becomes-fifth-in-california-to-ban-fracking-1933900702.html",NA,1,"Link","Link",4,84,23,64,0,0,6,68,1,6,4,1,0,1,0,2016-01-01,2016-01-01
"21","Ban","Gas","Shale","United States of America","US","USA",840,"California",0,1,2016,"ongoing","https://www.foodandwaterwatch.org/news/voters-celebrate-landslide-passage-fracking-ban-butte-county-california","https://www.politico.com/story/2016/06/california-counties-push-for-all-out-fracking-ban-224386",NA,1,"Link","Link",4,84,23,64,0,0,6,68,1,6,4,1,0,1,0,2016-01-01,2016-01-01
"22","Ban","Gas","Shale","United States of America","US","USA",840,"California",0,1,2016,"ongoing","http://www.santacruzsentinel.com/article/NE/20160223/NEWS/160229865","http://www.ksbw.com/article/monterey-county-judge-strikes-down-parts-of-measure-z-fracking-ban/14518856","http://www.montereycountyweekly.com/blogs/news_blog/court-decision-upholds-fracking-ban-but-invalidates-most-of-measure/article_bd6ef884-ec3a-11e7-bb16-47e92382c743.html",1,"Link","Link",4,84,23,64,0,0,6,68,1,6,4,1,0,1,0,2016-01-01,2016-01-01
"23","Ban","Oil","Crude","United States of America","US","USA",840,"California",0,1,2019,"ongoing","https://www.bloomberg.com/news/articles/2019-11-19/california-bans-high-pressure-steam-oil-wells-reviews-fracking","https://www.ecowatch.com/fracking-in-california-2641413784.html?rebelltitem=2#rebelltitem2",NA,1,"Link","Link",4,84,23,64,0,0,6,68,1,6,4,1,0,1,0,2019-01-01,2019-01-01
"24","Ban","Oil","Shale","United States of America","US","USA",840,"California",0,1,2019,"ongoing","https://www.vcstar.com/story/news/2019/11/06/oil-drilling-ban-ventura-county-extended-board-supervisors/4144449002/",NA,NA,1,"Link","Link",4,84,23,64,0,0,6,68,1,6,4,1,0,1,0,2019-01-01,2019-01-01
"25","Ban","Gas","Shale","Spain","ES","ESP",724,"Cantabria",0,1,2013,"2014","https://www.euractiv.com/section/energy/news/shale-rich-spanish-region-votes-to-ban-fracking/","https://af.reuters.com/article/commoditiesNews/idAFL6N0P62TS20140625","https://www.eia.gov/analysis/studies/worldshalegas/pdf/South_Africa_2013.pdf",1,"Link","Link",0,2,0,2,0,0,0,2,0,0,0,0,0,0,0,2013-01-01,2013-01-01
"26","Ban","Gas","Shale","New Zealand","NZ","NZL",554,"Canterbury",0,1,2012,"ongoing","https://www.nzherald.co.nz/nz/news/article.cfm?c_id=1&objectid=10798417","http://www.newshub.co.nz/environmentsci/chch-council-bans-fracking-2012041216",NA,1,"Link","Link",1,1,0,2,0,0,1,1,0,0,0,0,0,0,0,2012-01-01,2012-01-01
"27","Ban","Gas","Shale","Spain","ES","ESP",724,"Castile and León",0,1,2012,"ongoing","https://keeptapwatersafe.org/global-bans-on-fracking/","http://www.fracturahidraulicano.info/noticia/valladolid-se-declara-libre-fracking.html",NA,1,"Link","Link",0,2,0,2,0,0,0,2,0,0,0,0,0,0,0,2012-01-01,2012-01-01
"28","Ban","Coal",NA,"Australia","AU","AUS",36,"City of Moreland",0,1,2020,"2025","https://www.moreland.vic.gov.au/globalassets/website-moreland/areas/my-council/policies-strategies/procurement-policy-2021-25.pdf","https://www.greenleft.org.au/content/moreland-council-rules-out-dealings-coal-companies",NA,1,"Link","Link",0,8,5,2,1,0,0,6,1,0,1,0,0,0,0,2020-01-01,2020-01-01
"29","Ban","Gas","Shale","United States of America","US","USA",840,"Colorado",0,1,2012,"2016","http://www.timescall.com/longmont-local-news/ci_29839751/colo-supreme-court-strikes-down-longmont-fracking-ban","http://www.boulderweekly.com/opinion/longmont-fracking-ban-struck-down-what-now/",NA,1,"Link","Link",4,84,23,64,0,0,6,68,1,6,4,1,0,1,0,2012-01-01,2012-01-01
"30","Ban","Gas","Shale","United States of America","US","USA",840,"Colorado",0,1,2013,"2016","https://www.coloradoan.com/story/news/2016/05/02/colorado-supreme-court-rules-against-fort-collins-fracking-moratorium/83798238/","https://www.coloradoan.com/story/news/2016/05/05/fracking-fort-collins-moratorium/83989370/",NA,1,"Link","Link",4,84,23,64,0,0,6,68,1,6,4,1,0,1,0,2013-01-01,2013-01-01
"31","Moratorium","Gas","Shale","United States of America","US","USA",840,"Colorado",0,1,2014,"2016","https://www.denverpost.com/2017/03/15/boulder-county-protesters-fracking-ban/","http://www.timescall.com/news-region-news/ci_30958836/boulder-countys-moratorium-nears-end-opponents-continue-want",NA,1,"Link","Link",4,84,23,64,0,0,6,68,1,6,4,1,0,1,0,2014-01-01,2014-01-01
"32","Moratorium","Gas","Shale","United States of America","US","USA",840,"Colorado",0,1,2017,"ongoing","https://www.denverpost.com/2017/11/07/lafayette-approves-6-month-oil-and-gas-moratorium/","https://www.scientificamerican.com/article/three-of-four-colorado-communities-fracking-gas/","http://www.dailycamera.com/lafayette-news/ci_26417569/judge-tosses-out-lafayette-fracking-ban",1,"Link","Link",4,84,23,64,0,0,6,68,1,6,4,1,0,1,0,2017-01-01,2017-01-01
"33","Moratorium","Oil","Shale","United States of America","US","USA",840,"Colorado",0,1,2019,"ongoing","https://www.denverpost.com/2019/06/28/boulder-county-oil-gas-moratorium/",NA,NA,1,"Link","Link",4,84,23,64,0,0,6,68,1,6,4,1,0,1,0,2019-01-01,2019-01-01
"34","Ban","Gas","Shale","Ireland","IE","IRL",372,"Connacht",0,1,2011,"ongoing","https://www.irishtimes.com/news/roscommon-council-calls-for-fracking-ban-1.6354","https://goodenergiesalliance.com/fracking-areas/local-authorities-say-no-to-fracking/",NA,1,"Link","Link",1,4,0,5,0,0,0,4,0,0,0,0,0,0,0,2011-01-01,2011-01-01
"35","Ban","Gas","Shale","Ireland","IE","IRL",372,"Connacht",0,1,2012,"ongoing","https://www.irishtimes.com/news/environment/sligo-to-retain-ban-on-fracking-in-county-development-plan-1.3026742","https://www.thejournal.ie/donegal-and-sligo-become-latest-local-authorities-to-ban-fracking-329929-Jan2012/",NA,1,"Link","Link",1,4,0,5,0,0,0,4,0,0,0,0,0,0,0,2012-01-01,2012-01-01
"36","Ban","Gas","Shale","Ireland","IE","IRL",372,"Connacht",0,1,2017,"ongoing","http://www.shannonside.ie/news/local/leitrim/fracking-ban-celebrated-leitrim-tonight/","https://www.thejournal.ie/leitrim-county-councillor-1263205-Jan2014/#comments","https://www.oireachtas.ie/viewdoc.asp?fn=/documents/bills28/bills/2016/3716/document1.htm",1,"Link","Link",1,4,0,5,0,0,0,4,0,0,0,0,0,0,0,2017-01-01,2017-01-01
"37","Ban","Coal","Coal","Tanzania, United Republic of","TZ","TZA",834,"Dar Es Salaam",0,1,2016,"ongoing","http://country.eiu.com/article.aspx?articleid=1404504724&Country=Tanzania&topic=Economy&subtopic=Forecast&subsubtopic=Policy+trends",NA,NA,1,"Link","Link",0,3,0,2,0,1,0,0,2,0,0,0,0,0,0,2016-01-01,2016-01-01
"38","Ban","Coal",NA,"Tanzania, United Republic of","TZ","TZA",834,"Dar es Salaam",0,1,2016,"ongoing","https://www.worldfuturecouncil.org/wp-content/uploads/2017/05/Policy-Roadmap-Tanzania.pdf",NA,NA,1,"Link","Link",0,3,0,2,0,1,0,0,2,0,0,0,0,0,0,2016-01-01,2016-01-01
"39","Limitation","Oil, & Gas & Coal",NA,"Tanzania, United Republic of","TZ","TZA",834,"Dar es Salaam",0,1,2003,"ongoing","https://www.pbpa.go.tz/uploads/policies/en-1576223462-NATIONAL_ENERGY_POLICY_2003.pdf",NA,NA,1,"Link","Link",0,3,0,2,0,1,0,0,2,0,0,0,0,0,0,2003-01-01,2003-01-01
"40","Limitation","Coal","Coal","South Africa","ZA","ZAF",710,"Durban",0,1,2021,NA,"https://www.euractiv.com/section/energy/news/cop26-190-nations-regions-and-organisations-commit-to-major-coal-power-and-financing-phase-outs/",NA,NA,1,"Link","Link",4,3,4,1,0,2,0,2,3,0,2,0,0,0,0,2021-01-01,2021-01-01
"41","Moratorium","Coal","Coal","Indonesia","ID","IDN",360,"East Nusa Tenggara",0,1,2020,"ongoing","https://www.cnnindonesia.com/ekonomi/20210604202237-85-650594/esdm-sebut-12-proyek-pltu-batu-bara-batal-dibangun",NA,NA,1,"Link","Link",5,NA,4,4,0,0,NA,NA,NA,NA,NA,NA,NA,NA,NA,2020-01-01,2020-01-01
"42","Ban","Gas","Shale","United States of America","US","USA",840,"Eastern Band Cherokee",0,1,2014,"ongoing","https://indiancountrymedianetwork.com/news/environment/eastern-cherokee-band-forbids-fracking-on-its-sovereign-lands/","https://www.smokymountainnews.com/news/item/14290-tribe-bans-fracking",NA,1,"Link","Link",4,84,23,64,0,0,6,68,1,6,4,1,0,1,0,2014-01-01,2014-01-01
"43","Moratorium","Oil","Shale","United Kingdom","GB","GBR",826,"England",0,1,2019,"ongoing","https://www.theguardian.com/environment/2019/nov/02/fracking-banned-in-uk-as-government-makes-major-u-turn",NA,NA,1,"Link","Link",2,4,3,3,0,0,1,4,1,0,0,0,0,0,0,2019-01-01,2019-01-01
"44","Ban","Gas","Shale","Argentina","AR","ARG",32,"Entre Rios",0,1,2017,"ongoing","https://newsbase.com/topstories/entre-rios-becomes-first-province-ban-fracking-argentina","https://wagingnonviolence.org/feature/argentina-anti-fracking-movement/",NA,1,"Link","Link",0,2,0,2,0,0,0,2,0,0,0,0,0,0,0,2017-01-01,2017-01-01
"45","Ban","Gas","Shale","United States of America","US","USA",840,"Florida",0,1,2015,"ongoing","https://www.news-press.com/story/news/local/bonita-springs/2015/07/15/crowd-crams-bonita-city-hall-ahead-of-fracking-vote/30182897/","http://www.nbc-2.com/story/29555490/city-of-bonita-springs-approves-ban-on-fracking",NA,1,"Link","Link",4,84,23,64,0,0,6,68,1,6,4,1,0,1,0,2015-01-01,2015-01-01
"46","Ban","Gas","Shale","United States of America","US","USA",840,"Florida",0,1,2015,"ongoing","http://www.coconutcreeknews.net/15728/176659/a/fracking-ban-stays-put-in-coconut-creek-senate-bill-dies-in-appropriations","http://coconutcreeknews.net/15727/113478/a/creek-outlaws-fracking",NA,1,"Link","Link",4,84,23,64,0,0,6,68,1,6,4,1,0,1,0,2015-01-01,2015-01-01
"47","Ban","Gas","Shale","United States of America","US","USA",840,"Florida",0,1,2015,"ongoing","https://www.news-press.com/story/news/local/estero/2015/12/16/estero-votes-fracking-ban/77436862/","https://www.news-press.com/story/news/local/estero/2015/12/02/estero-fracking-ban-clears-hurdle/76660634/",NA,1,"Link","Link",4,84,23,64,0,0,6,68,1,6,4,1,0,1,0,2015-01-01,2015-01-01
"48","Ban","Gas","Shale","United States of America","US","USA",840,"Florida",0,1,2015,"ongoing","http://www.ircgov.com/Boards/BCC/2015/minutes/BCC070715M.pdf",NA,NA,1,"Link","Link",4,84,23,64,0,0,6,68,1,6,4,1,0,1,0,2015-01-01,2015-01-01
"49","Ban","Gas","Shale","United States of America","US","USA",840,"Florida",0,1,2015,"ongoing","https://www.foodandwaterwatch.org/sites/default/files/frack_actions_stluciecountyfl_1.pdf",NA,NA,1,"Link","Link",4,84,23,64,0,0,6,68,1,6,4,1,0,1,0,2015-01-01,2015-01-01
"50","Ban","Gas","Shale","United States of America","US","USA",840,"Florida",0,1,2016,"ongoing","http://www.gainesville.com/article/LK/20160415/News/604169961/GS/","https://oursantaferiver.org/alachua-co-passes-ban-fracking-ordinance-unanimously/",NA,1,"Link","Link",4,84,23,64,0,0,6,68,1,6,4,1,0,1,0,2016-01-01,2016-01-01
"51","Ban","Gas","Shale","United States of America","US","USA",840,"Florida",0,1,2016,"ongoing","http://www.newsherald.com/article/20160216/NEWS/160219311","http://www.wjhg.com/home/headlines/Bay-County-Commissioners-ban-fracking-379839881.html","http://www.starfl.com/news/20160428/bocc-to-consider-ordinance-banning-fracking",1,"Link","Link",4,84,23,64,0,0,6,68,1,6,4,1,0,1,0,2016-01-01,2016-01-01
"52","Ban","Gas","Shale","United States of America","US","USA",840,"Florida",0,1,2016,"ongoing","https://www.floridatoday.com/story/news/local/environment/2016/03/15/brevard-county-approves-fracking-ban/81801966/","https://www.floridatoday.com/story/news/local/environment/2016/03/01/fracking-debated-brevard-county-commission/81124510/",NA,1,"Link","Link",4,84,23,64,0,0,6,68,1,6,4,1,0,1,0,2016-01-01,2016-01-01
"53","Ban","Gas","Shale","United States of America","US","USA",840,"Florida",0,1,2016,"ongoing","https://www.news-press.com/story/news/2016/02/08/cape-coral-meeting/80006704/","http://www.cape-coral-daily-breeze.com/page/content.detail/id/642554/Local-lawmakers-urged-to-support-frack-ban.html?nav=5011",NA,1,"Link","Link",4,84,23,64,0,0,6,68,1,6,4,1,0,1,0,2016-01-01,2016-01-01
"54","Ban","Gas","Shale","United States of America","US","USA",840,"Florida",0,1,2016,"ongoing","https://oursantaferiver.org/citrus-county-approves-fracking-ban/","http://spectrabusters.org/2016/06/15/citrus-county-fl-passes-ordinance-banning-fracking-2016-06-14/",NA,1,"Link","Link",4,84,23,64,0,0,6,68,1,6,4,1,0,1,0,2016-01-01,2016-01-01
"55","Ban","Gas","Shale","United States of America","US","USA",840,"Florida",0,1,2016,"ongoing","http://www.tampabay.com/news/localgovernment/dade-city-bans-controversial-fracking-technique/2289090","http://lakerlutznews.com/lln/?p=38067",NA,1,"Link","Link",4,84,23,64,0,0,6,68,1,6,4,1,0,1,0,2016-01-01,2016-01-01
"56","Ban","Gas","Shale","United States of America","US","USA",840,"Florida",0,1,2016,"ongoing","http://frackingflorida.org/madison-county-florida-passes-anti-fracking-ordinance/","http://www.wtxl.com/news/madison-county-commission-meets-to-combat-fracking/article_b4fd796c-f166-11e5-82d7-332fa10c459b.html",NA,1,"Link","Link",4,84,23,64,0,0,6,68,1,6,4,1,0,1,0,2016-01-01,2016-01-01
"57","Ban","Gas","Shale","United States of America","US","USA",840,"Florida",0,1,2016,"ongoing","http://www.tampabay.com/news/localgovernment/pinellas-county-commission-to-consider-fracking-ban/2280527","http://www.tampabay.com/news/localgovernment/pinellas-county-commission-to-consider-fracking-ban/2280527",NA,1,"Link","Link",4,84,23,64,0,0,6,68,1,6,4,1,0,1,0,2016-01-01,2016-01-01
"58","Ban","Gas","Shale","United States of America","US","USA",840,"Florida",0,1,2016,"ongoing","http://www.orlandosentinel.com/news/breaking-news/os-seminole-county-fracking-ordinance-20160209-story.html","http://www.wmfe.org/seminole-county-bans-fracking-joining-municipalities-statewide/56746",NA,1,"Link","Link",4,84,23,64,0,0,6,68,1,6,4,1,0,1,0,2016-01-01,2016-01-01
"59","Ban","Gas","Shale","United States of America","US","USA",840,"Florida",0,1,2016,"ongoing","http://www.wmnf.org/st-petersburg-seeks-ordinance-to-ban-fracking/","https://www.cltampa.com/news-views/article/20764887/st-pete-council-yes-to-puppies-and-fracking-ban-no-to-trolling-gop-lawmakers",NA,1,"Link","Link",4,84,23,64,0,0,6,68,1,6,4,1,0,1,0,2016-01-01,2016-01-01
"60","Ban","Gas","Shale","United States of America","US","USA",840,"Florida",0,1,2016,"ongoing","http://www.news-journalonline.com/article/LK/20160218/News/605064694/DN/","https://www.beacononlinenews.com/articles/2016/02/19/volusia-moves-ban-fracking",NA,1,"Link","Link",4,84,23,64,0,0,6,68,1,6,4,1,0,1,0,2016-01-01,2016-01-01
"61","Ban","Gas","Shale","United States of America","US","USA",840,"Florida",0,1,2016,"ongoing","http://www.thewakullanews.com/content/board-reverses-passes-fracking-ban","https://www.tallahassee.com/story/news/2015/11/27/counties-oppose-bills-pre-empt-fracking-bans/76379914/",NA,1,"Link","Link",4,84,23,64,0,0,6,68,1,6,4,1,0,1,0,2016-01-01,2016-01-01
"62","Ban","Gas","Shale","United States of America","US","USA",840,"Florida",0,1,2016,"ongoing","http://www.nwfdailynews.com/news/20160223/commissioners-say-no-to-fracking/1","http://www.nwfdailynews.com/news/20161001/calhoun-county-takes-stand-against-fracking","http://www.clerkofcourts.co.walton.fl.us/document_center/Minutes/Regular_Meetings/20160322.pdf",1,"Link","Link",4,84,23,64,0,0,6,68,1,6,4,1,0,1,0,2016-01-01,2016-01-01
"63","Ban","Gas","Shale","United States of America","US","USA",840,"Florida",0,1,2016,"ongoing","http://www.tampabay.com/news/localgovernment/zephyrhills-moves-toward-ban-on-fracking/2300126","http://lakerlutznews.com/lln/?p=41144",NA,1,"Link","Link",4,84,23,64,0,0,6,68,1,6,4,1,0,1,0,2016-01-01,2016-01-01
"64","Ban","Offshore",NA,"United States of America","US","USA",840,"Florida",0,1,2018,"ongoing","https://www.vox.com/science-and-health/2018/11/5/18055844/florida-amendment-9-vaping-offshore-drilling-midterm-election-results","https://www.wfla.com/news/politics/florida-passes-amendment-9-banning-both-offshore-oil-drilling-and-indoor-vaping/1577495572/",NA,1,"Link","Link",4,84,23,64,0,0,6,68,1,6,4,1,0,1,0,2018-01-01,2018-01-01
"65","Ban","Gas","Shale","Switzerland","CH","CHE",756,"Fribourg",0,1,2011,"ongoing","https://www.swissinfo.ch/eng/shale-gas-could-remain-out-of-reach-in-the-ground/30281888","https://www.bafu.admin.ch/dam/bafu/en/dokumente/wasser/dossiers/medienmitteilung-fracking.pdf.download.pdf/Federal%20Council%20adopts%20report%20on%20fracking.pdf",NA,1,"Link","Link",0,1,0,1,0,0,0,1,0,0,0,0,0,0,0,2011-01-01,2011-01-01
"66","Ban","Coal","Coal","Indonesia","ID","IDN",360,"Global",0,1,2021,NA,"https://www.channelnewsasia.com/business/indonesia-suspends-coal-exports-34-mining-companies-report-2101796",NA,NA,1,"Link","Link",5,NA,4,4,0,0,NA,NA,NA,NA,NA,NA,NA,NA,NA,2021-01-01,2021-01-01
"67","Ban","Oil",NA,"United States of America","US","USA",840,"Great Lakes",0,1,2002,"ongoing","http://www.lrc.usace.army.mil/GrtLakes/OilGas/FinalReport.pdf",NA,NA,1,"Link","Link",4,84,23,64,0,0,6,68,1,6,4,1,0,1,0,2002-01-01,2002-01-01
"68","Moratorium","Oil & Gas",NA,"Denmark","DK","DNK",208,"Greenland",0,1,2013,"ongoing","https://www.theguardian.com/world/2013/mar/27/greenland-halts-oil-drilling-licences","http://peacenews.org/2013/04/16/greenland-halts-new-oil-drilling-licences-with-video-white-wolf/",NA,1,"Link","Link",2,1,1,1,0,1,0,0,0,0,1,0,0,1,0,2013-01-01,2013-01-01
"69","Ban","Gas",NA,"Netherlands","NL","NLD",528,"Groningen",0,1,2018,"2030","https://www.reuters.com/article/us-netherlands-groningen-gas/netherlands-to-halt-gas-production-at-groningen-by-2030-idUSKBN1H51PN",NA,NA,1,"Link","Link",2,1,0,3,0,0,0,2,1,0,0,0,0,0,0,2018-01-01,2018-01-01
"70","Moratorium","Oil",NA,"United States of America","US","USA",840,"Gulf of Mexico",0,1,2006,"2022","https://www.boem.gov/oil-gas-energy/leasing/areas-under-restriction","https://revenuedata.doi.gov/how-it-works/gomesa/",NA,1,"Link","Link",4,84,23,64,0,0,6,68,1,6,4,1,0,1,0,2006-01-01,2006-01-01
"71","Moratorium","Coal","Coal","Viet Nam","VN","VNM",704,"Ha Noi (National)",1,0,2020,"2030","https://ieefa.org/wp-content/uploads/2020/09/Vietnams-EVN-Faces-the-Future_September-2020.pdf","https://dantri.com.vn/kinh-doanh/du-kien-trinh-thu-tuong-du-thao-quy-hoach-dien-8-vao-thang-10-20210930153211411.htm","https://www.thestar.com.my/aseanplus/aseanplus-news/2021/09/29/vietnam-to-minimise-new-coal-fired-power-plants",1,"Link","Link",2,0,2,0,0,0,0,0,2,0,0,0,0,0,0,2020-01-01,2020-01-01
"72","Ban","Coal","Coal","Zimbabwe","ZW","ZWE",716,"Hwange",0,1,2020,"ongoing","https://chinadialogue.net/en/energy/lamu-kenyan-coal-project-chinese-investors-take-environmental-risks-seriously/",NA,NA,1,"Link","Link",0,1,0,1,0,0,0,0,1,0,0,0,0,0,0,2020-01-01,2020-01-01
"73","Ban","Gas","Shale","United States of America","US","USA",840,"Indiana",0,1,2013,"ongoing","http://www.tribstar.com/news/local_news/council-bans-fracking-in-city/article_6354012b-7e01-5495-a11c-c2128604d77a.html","http://indianaeconomicdigest.com/Main.asp?SectionID=31&SubSectionID=135&ArticleID=71175",NA,1,"Link","Link",4,84,23,64,0,0,6,68,1,6,4,1,0,1,0,2013-01-01,2013-01-01
"74","Moratorium","Coal","Coal (Powerplants)","Japan","JP","JPN",392,"International",1,NA,NA,NA,"https://www.reuters.com/article/us-japan-marubeni-carbon-idUSKBN2B11MP",NA,NA,NA,"0",NA,1,NA,1,0,0,0,0,0,1,0,0,0,0,0,0,NA,NA
"75","Moratorium","Gas","Shale","South Africa","ZA","ZAF",710,"Karoo",0,1,2012,NA,"https://www.reuters.com/article/uk-safrica-gas-idUKBRE8860P920120907",NA,NA,1,"Link","Link",4,3,4,1,0,2,0,2,3,0,2,0,0,0,0,2012-01-01,2012-01-01
"76","Limitation","Coal","Coal","Malaysia","MY","MYS",458,"Kuala Lumpur",0,1,2039,NA,"https://www.st.gov.my/en/contents/files/download/169/Report_on_Peninsular_Malaysia_Generation_Development_Plan_2020_(2021-2039)-FINAL.pdf","https://www.gecf.org/events/expert-commentary-future-of-natural-gas-in-asean%E2%80%99s-power-sector",NA,1,"Link","Link",0,2,1,0,0,1,0,0,2,0,0,0,0,0,0,2039-01-01,2039-01-01
"77","Moratorium","Coal","Coal","Malaysia","MY","MYS",458,"Kuala Lumpur",0,1,2050,NA,"https://www.theedgemarkets.com/article/12mp-malaysia-committed-becoming-carbonneutral-nation-2050-says-pm",NA,NA,1,"Link","Link",0,2,1,0,0,1,0,0,2,0,0,0,0,0,0,2050-01-01,2050-01-01
"78","Moratorium","Coal","Coal","Kenya","KE","KEN",404,"Lamu",0,1,2020,"ongoing","https://chinadialogue.net/en/energy/lamu-kenyan-coal-project-chinese-investors-take-environmental-risks-seriously/",NA,NA,1,"Link","Link",0,1,1,0,0,0,0,0,1,0,0,0,0,0,0,2020-01-01,2020-01-01
"79","Ban","Gas","Shale","United States of America","US","USA",840,"Maryland",0,1,2011,"ogoing","http://baltimore.cbslocal.com/2011/03/07/western-md-town-bans-new-natural-gas-wells/","https://scholarlycommons.law.case.edu/cgi/viewcontent.cgi?article=1158&context=caselrev",NA,1,"Link","Link",4,84,23,64,0,0,6,68,1,6,4,1,0,1,0,2011-01-01,2011-01-01
"80","Ban","Gas","Shale","United States of America","US","USA",840,"Maryland",0,1,2016,"ongoing","http://www.times-news.com/news/local_news/frostburg-officials-approve-fracking-ordinance/article_165d1413-4bf3-5edf-a141-66b963953e08.html","https://chesapeakeclimate.org/press-releases/frostburg-approves-fracking-ban-measures-becoming-the-largest-western-md-city-to-protect-water-from-toxic-drilling/",NA,1,"Link","Link",4,84,23,64,0,0,6,68,1,6,4,1,0,1,0,2016-01-01,2016-01-01
"81","Ban","Gas","Shale","United States of America","US","USA",840,"Maryland",0,1,2017,"ongoing","http://www.baltimoresun.com/news/maryland/politics/bs-md-fracking-ban-passes-20170327-story.html","https://www.washingtonpost.com/local/md-politics/maryland-house-overwhelmingly-approves-fracking-ban-hurdles-in-senate/2017/03/10/c975f362-059f-11e7-ad5b-d22680e18d10_story.html?utm_term=.cf8a131e90c1","https://legiscan.com/us/text/SB865/id/1596089/us_Congress-2017-SB865-Introduced.pdf",1,"Link","Link",4,84,23,64,0,0,6,68,1,6,4,1,0,1,0,2017-01-01,2017-01-01
"82","Moratorium","Gas","Shale","United States of America","US","USA",840,"Michigan",0,1,2012,"2014","http://banmichiganfracking.org/?p=1815","http://westernpriorities.org/wp-content/uploads/2014/03/Michigan-Passed-Legislation.pdf",NA,1,"Link","Link",4,84,23,64,0,0,6,68,1,6,4,1,0,1,0,2012-01-01,2012-01-01
"83","Moratorium","Gas","Shale","United States of America","US","USA",840,"Michigan",0,1,2013,"2013","http://westernpriorities.org/wp-content/uploads/2014/03/Michigan-Passed-Legislation.pdf","https://wmeac.org/cannon-township-passes-fracking-moratorium/2013/",NA,1,"Link","Link",4,84,23,64,0,0,6,68,1,6,4,1,0,1,0,2013-01-01,2013-01-01
"84","Moratorium","Gas","Shale","United States of America","US","USA",840,"Michigan",0,1,2013,"2014","http://westernpriorities.org/wp-content/uploads/2014/03/Michigan-Passed-Legislation.pdf","http://www.mlive.com/business/west-michigan/index.ssf/2015/02/only_oil_well_drilled_in_kent.html",NA,1,"Link","Link",4,84,23,64,0,0,6,68,1,6,4,1,0,1,0,2013-01-01,2013-01-01
"85","Moratorium","Gas","Shale","United States of America","US","USA",840,"Michigan",0,1,2014,"2014","http://michiganradio.org/post/michigan-township-association-leery-fracking-moratoriums","http://michiganradio.org/post/exploratory-well-scio-township-comes-dry","https://www.foodandwaterwatch.org/sites/default/files/frack_actions_sciotownshipmi.pdf",1,"Link","Link",4,84,23,64,0,0,6,68,1,6,4,1,0,1,0,2014-01-01,2014-01-01
"86","Moratorium","Gas","Shale","United States of America","US","USA",840,"Michigan",0,1,2015,"2016","http://welovedexter.com/oil-gas-exploration-moratorium-goes-into-effect-after-city-council-vote/","http://welovedexter.com/council-extends-oil-gas-moratorium/",NA,1,"Link","Link",4,84,23,64,0,0,6,68,1,6,4,1,0,1,0,2015-01-01,2015-01-01
"87","Moratorium","Gas","Shale","United States of America","US","USA",840,"Michigan",0,1,2015,"ongoing","http://www.macombdaily.com/article/MD/20150519/NEWS/150519610","https://patch.com/michigan/rochester/new-drilling-rules-fall-short-fracking-ban",NA,1,"Link","Link",4,84,23,64,0,0,6,68,1,6,4,1,0,1,0,2015-01-01,2015-01-01
"88","Ban","Gas","Shale","United States of America","US","USA",840,"Minnesota",0,1,2013,"ongoing","https://www.ecowatch.com/frac-sand-mining-fracking-2145279944.html","https://www.mprnews.org/story/2018/05/09/court-challenge-winona-county-sand-mining-ban",NA,1,"Link","Link",4,84,23,64,0,0,6,68,1,6,4,1,0,1,0,2013-01-01,2013-01-01
"89","Ban","Coal","Coal","Indonesia","ID","IDN",360,"Nagan Raya, Aceh",0,1,2021,"ongoing","https://aceh.antaranews.com/berita/240677/dlhk-hentikan-aktivitas-pembangunan-stokpile-batu-bara-pt-pbm-di-nagan-raya",NA,NA,1,"Link","Link",5,NA,4,4,0,0,NA,NA,NA,NA,NA,NA,NA,NA,NA,2021-01-01,2021-01-01
"90","Moratorium","Coal","Coal","Indonesia","ID","IDN",360,"National",1,0,2023,NA,"https://news.mongabay.com/2021/05/indonesia-says-no-new-coal-plants-from-2023-after-the-next-100-or-so/","https://coalexit.org/sites/default/files/download_public/Factsheet_GCEL_engl_07102021.pdf",NA,1,"Link","Link",5,NA,4,4,0,0,NA,NA,NA,NA,NA,NA,NA,NA,NA,2023-01-01,2023-01-01
"91","Moratorium","Coal","Coal","Indonesia","ID","IDN",360,"National",1,0,2018,"ongoing","https://bisnis.tempo.co/read/1173043/gubernur-ntt-keluarkan-pergub-moratorium-tambang","https://radarntt.co/opini/2020/langkah-moratorium-izin-tambang-gubernur-ntt/",NA,1,"Link","Link",5,NA,4,4,0,0,NA,NA,NA,NA,NA,NA,NA,NA,NA,2018-01-01,2018-01-01
"92","Moratorium","Coal","Coal","Philippines","PH","PHL",608,"National",1,0,NA,NA,"https://ukcop26.org/global-coal-to-clean-power-transition-statement/",NA,NA,1,"Link","Link",3,3,6,0,0,0,0,0,6,0,0,0,0,0,0,NA,NA
"93","Moratorium","Coal","Coal","Philippines","PH","PHL",608,"Negros Oriental",0,1,2030,NA,"https://ukcop26.org/global-coal-to-clean-power-transition-statement/",NA,NA,1,"Link","Link",3,3,6,0,0,0,0,0,6,0,0,0,0,0,0,2030-01-01,2030-01-01
"94","Moratorium","Gas","Shale","Canada","CA","CAN",124,"New Brunswick",0,1,2014,"ongoing","http://www.cbc.ca/news/canada/new-brunswick/shale-gas-moratorium-details-unveiled-by-brian-gallant-1.2877440","https://www.theglobeandmail.com/news/politics/new-brunswick-introduces-fracking-moratorium/article22139797/","https://www.nrcan.gc.ca/energy/sources/shale-tight-resources/17698",1,"Link","Link",2,9,7,2,0,1,3,5,1,1,0,0,0,0,0,2014-01-01,2014-01-01
"95","Ban","Gas","Shale","United States of America","US","USA",840,"New Jersey",0,1,2011,"ongoing","http://franklintwpnj.org/home/showdocument?id=3895",NA,NA,1,"Link","Link",4,84,23,64,0,0,6,68,1,6,4,1,0,1,0,2011-01-01,2011-01-01
"96","Moratorium","Gas","Shale","United States of America","US","USA",840,"New Jersey",0,1,2012,"2013","http://www.nj.com/news/index.ssf/2012/02/nj_senate_panel_approves_bill_8.html","http://www.mcall.com/news/nationworld/pennsylvania/mc-nws-delaware-river-basin-fracking-ban-20170907-story.html","http://www.mcall.com/news/nationworld/pennsylvania/mc-nws-delaware-river-basin-fracking-ban-20170907-story.html",1,"Link","Link",4,84,23,64,0,0,6,68,1,6,4,1,0,1,0,2012-01-01,2012-01-01
"97","Ban","Gas","Shale","United States of America","US","USA",840,"New Jersey",0,1,2013,"ongoing","http://www.nj.com/middlesex/index.ssf/2013/09/highland_park_becomes_first_town_in_nj_to_ban_fracking.html","http://www.mondaq.com/unitedstates/x/264848/Oil+Gas+Electricity/AntiFracking+Push+Begins+In+New+Jersey+With+Symbolic+Ban+By+Highland+Park+Borough",NA,1,"Link","Link",4,84,23,64,0,0,6,68,1,6,4,1,0,1,0,2013-01-01,2013-01-01
"98","Ban","Gas","Shale","United States of America","US","USA",840,"New Jersey",0,1,2013,"ongoing","http://newbrunswicktoday.com/article/middlesex-county-becomes-first-new-jersey-ban-fracking","http://www.nj.com/middlesex/index.ssf/2013/12/middlesex_county_becomes_first_in_nj_to_ban_fracking.html",NA,1,"Link","Link",4,84,23,64,0,0,6,68,1,6,4,1,0,1,0,2013-01-01,2013-01-01
"99","Ban","Offshore",NA,"United States of America","US","USA",840,"New Jersey",0,1,2018,"ongoing","https://www.ecowatch.com/new-jersey-offshore-drilling-ban-2562603514.html","https://www.njleg.state.nj.us/2018/Bills/PL18/7_.PDF",NA,1,"Link","Link",4,84,23,64,0,0,6,68,1,6,4,1,0,1,0,2018-01-01,2018-01-01
"100","Ban","Gas","Shale","United States of America","US","USA",840,"New Mexico",0,1,2013,"2015","https://lajicarita.wordpress.com/2018/02/07/a-retrospective-on-the-mora-county-fracking-ban/","https://agrilife.org/texasaglaw/2015/02/11/nm-federal-judge-strikes-down-mora-county-oil-and-gas-ban/",NA,1,"Link","Link",4,84,23,64,0,0,6,68,1,6,4,1,0,1,0,2013-01-01,2013-01-01
"101","Partial Ban","Gas","Coal Seam","Australia","AU","AUS",36,"New South Wales",0,1,2013,"ongoing","https://www.smh.com.au/environment/dead-in-the-water-ofarrell-buries-coal-seam-gas-plans-20130218-2eniw.html","http://www.abc.net.au/news/2017-03-01/anti-csg-activists-go-global-with-the-bentley-effect/8314080",NA,1,"Link","Link",0,8,5,2,1,0,0,6,1,0,1,0,0,0,0,2013-01-01,2013-01-01
"102","Ban","Gas","Shale","United States of America","US","USA",840,"New York",0,1,2014,"ongoing","https://stateimpact.npr.org/pennsylvania/2017/12/08/new-yorks-heralded-fracking-ban-isnt-all-its-cracked-up-to-be/","http://www.truth-out.org/news/item/41547-new-york-s-fracking-ban-was-supposed-to-set-a-precedent-but-gov-cuomo-is-going-back-on-his-word","https://www.dec.ny.gov/docs/materials_minerals_pdf/nyserda4.pdf",1,"Link","Link",4,84,23,64,0,0,6,68,1,6,4,1,0,1,0,2014-01-01,2014-01-01
"103","Moratorium","Gas","Shale","Canada","CA","CAN",124,"Newfoundland & Labrador",0,1,2013,"ongoing","http://www.cbc.ca/news/canada/newfoundland-labrador/western-nl-hydraulic-fracturing-report-released-1.3607408","https://www.theglobeandmail.com/report-on-business/industry-news/energy-and-resources/newfoundland-shuts-door-on-fracking-applications-prior-to-review/article15245284/","http://asf.ca/nl-gov-t-announces-moratorium-on-fracking.html",1,"Link","Link",2,9,7,2,0,1,3,5,1,1,0,0,0,0,0,2013-01-01,2013-01-01
"104","Ban","Oil & Gas",NA,"United States of America","US","USA",840,"North Carolina",0,1,1997,"ongoing","https://www.congress.gov/bill/105th-congress/house-bill/2615","https://www.govtrack.us/congress/bills/105/s1257",NA,1,"Link","Link",4,84,23,64,0,0,6,68,1,6,4,1,0,1,0,1997-01-01,1997-01-01
"105","Moratorium","Gas","Shale","United States of America","US","USA",840,"North Carolina",0,1,2015,"2018","http://www.heraldsun.com/news/local/counties/chatham-county/article163167908.html","https://www.bizjournals.com/triangle/news/2015/08/18/chatham-county-nc-enacts-two-year-ban-on-fracking.html",NA,1,"Link","Link",4,84,23,64,0,0,6,68,1,6,4,1,0,1,0,2015-01-01,2015-01-01
"106","Moratorium","Gas","Shale","United States of America","US","USA",840,"North Carolina",0,1,2015,"2017","http://wmra.org/post/rockingham-county-votes-down-long-tabled-fracking-application#stream/0","https://www.indyweek.com/news/archives/2015/11/17/rockingham-lee-counties-move-toward-fracking-moratoriums","http://www.greensboro.com/news/local_news/rockingham-commissioners-call-for-fracking-moratorium/article_59dfe5f2-efce-578d-8340-ee39c07adae8.html",1,"Link","Link",4,84,23,64,0,0,6,68,1,6,4,1,0,1,0,2015-01-01,2015-01-01
"107","Moratorium","Gas","Shale","United States of America","US","USA",840,"North Carolina",0,1,2015,"2018","http://www.journalnow.com/news/local/stokes-votes-for-fracking-moratorium/article_6510d63b-ec45-506c-a567-d99fade8e137.html","https://www.thestokesnews.com/news/1631/fracking-moratorium-passes-on-4-0-vote",NA,1,"Link","Link",4,84,23,64,0,0,6,68,1,6,4,1,0,1,0,2015-01-01,2015-01-01
"108","Moratorium","Gas","Shale","United States of America","US","USA",840,"North Carolina",0,1,2015,"2017","https://frackfreenc.org/wp-content/uploads/Stoneville.pdf","https://cwfnc.org/water-and-energy/fracking/clean-water-for-nc-re-files-suit-challenging-nc-oil-and-gas-commissions-authority-to-block-local-ordinances/",NA,1,"Link","Link",4,84,23,64,0,0,6,68,1,6,4,1,0,1,0,2015-01-01,2015-01-01
"109","Moratorium","Gas","Shale","United States of America","US","USA",840,"North Carolina",0,1,2017,"2019","https://frackfreenc.org/lee-county-passes-moratorium-on-oil-and-gas-development/","https://m.indyweek.com/media/pdf/resolution_-_draft_moratorium.pdf","http://www.journalnow.com/news/local/stokes-votes-for-fracking-moratorium/article_6510d63b-ec45-506c-a567-d99fade8e137.html",1,"Link","Link",4,84,23,64,0,0,6,68,1,6,4,1,0,1,0,2017-01-01,2017-01-01
"110","Ban","Gas","Shale","United Kingdom","GB","GBR",826,"Northern Ireland",0,1,2015,"ongoing","https://www.belfasttelegraph.co.uk/news/northern-ireland/fracking-banned-in-northern-ireland-for-the-first-time-31564424.html","https://www.businessgreen.com/bg/news/2427914/northern-ireland-adopts-no-fracking-policy",NA,1,"Link","Link",2,4,3,3,0,0,1,4,1,0,0,0,0,0,0,2015-01-01,2015-01-01
"111","Moratorium","Gas","Shale","Australia","AU","AUS",36,"Northern Territories",0,1,2016,"2018","http://www.abc.net.au/news/2018-03-27/nt-government-told-risks-can-be-mitigated-if-hydraulic-fracking/9592056","https://frackinginquiry.nt.gov.au/","https://www.reuters.com/article/us-column-russell-natgas-australia/to-frack-or-not-to-frack-australias-natural-gas-dilemma-russell-idusKBN1HQ0P4",1,"Link","Link",0,8,5,2,1,0,0,6,1,0,1,0,0,0,0,2016-01-01,2016-01-01
"112","Ban","Gas","Shale","Canada","CA","CAN",124,"Nova Scotia",0,1,2014,"ongoing","https://www.theglobeandmail.com/report-on-business/industry-news/energy-and-resources/nova-scotia-to-ban-high-volume-hydraulic-fracturing/article20860189/","http://thechronicleherald.ca/novascotia/1535962-fracking-ban-still-on-energy-minister","http://www.cbc.ca/news/canada/nova-scotia/nova-scotia-onshore-natural-gas-estimates-released-1.4479368",1,"Link","Link",2,9,7,2,0,1,3,5,1,1,0,0,0,0,0,2014-01-01,2014-01-01
"113","Limitation","Oil & Gas","Offshore","Myanmar","MM","MMR",104,"Nyapitaw",0,1,2021,NA,"https://thediplomat.com/2021/05/total-chevron-suspend-dividends-to-myanmar-oil-and-gas-firm/",NA,NA,1,"Link","Link",0,1,0,0,0,1,0,0,0,0,1,0,0,0,0,2021-01-01,2021-01-01
"114","Ban","Gas","Shale","United States of America","US","USA",840,"Ohio",0,1,2011,"2011","https://marcellusdrilling.com/2011/07/wellsburg-wv-city-council-votes-to-repeal-two-month-old-marcellus-drilling-ban/","http://www.naturalgasintel.com/articles/1895-wellsburg-wv-repeals-ban-on-shale-gas-drilling",NA,1,"Link","Link",4,84,23,64,0,0,6,68,1,6,4,1,0,1,0,2011-01-01,2011-01-01
"115","Ban","Gas","Shale","United States of America","US","USA",840,"Ohio",0,1,2013,"2015","http://www.climatecentral.org/news/voters-in-colorado-ohio-cities-sideline-fracking-16707","http://www.chroniclet.com/news/2013/08/07/Oberlin-fracking-ban-to-appear-on-ballot.html",NA,1,"Link","Link",4,84,23,64,0,0,6,68,1,6,4,1,0,1,0,2013-01-01,2013-01-01
"116","Ban","Gas","Shale","United States of America","US","USA",840,"Ohio",0,1,2014,"2017","https://insideclimatenews.org/news/20141105/athens-passes-fracking-ban-three-other-ohio-cities-dont","https://www.athensnews.com/news/local/local-anti-fracking-group-hopes-third-effort-at-county-charter/article_1b3afe78-2854-11e7-9704-3f3327bd8dde.html","https://ballotpedia.org/Athens_County,_Ohio,_Oil_and_Gas_Restrictions_and_Home_Rule_Charter_Initiative_(November_2017)",1,"Link","Link",4,84,23,64,0,0,6,68,1,6,4,1,0,1,0,2014-01-01,2014-01-01
"117","Moratorium","Gas","Shale","Brazil","BR","BRA",76,"Paraná",0,1,2016,"2026","https://paranaportal.uol.com.br/geral/parana-e-o-primeiro-estado-do-pais-a-proibir-o-fracking/","https://350.org/press-release/in-an-unprecedented-decision-state-congress-in-parana-brazil-bans-fracking-operations/","https://www.commondreams.org/newswire/2016/08/29/momentum-continues-grow-opposition-fracking-more-70-brazilian-cities-approve",1,"Link","Link",0,1,1,0,0,0,0,1,0,0,0,0,0,0,0,2016-01-01,2016-01-01
"118","Ban","Gas","Shale","United States of America","US","USA",840,"Pennsylvania",0,1,2010,"ongoing","https://www.shareable.net/blog/celdf-and-pittsburghs-community-bill-of-rights-banning-fracking","https://www.cbsnews.com/news/pittsburgh-bans-natural-gas-drilling/","https://www.reuters.com/article/us-us-election-fracking-idusKCN0XL0CL",1,"Link","Link",4,84,23,64,0,0,6,68,1,6,4,1,0,1,0,2010-01-01,2010-01-01
"119","Ban","Gas","Shale","United States of America","US","USA",840,"Pennsylvania",0,1,2011,"ongoing","http://www.dontfractureillinois.net/2012/11/fracking-ban-in-baldwin-borough/","https://drillingmoracounty.blogspot.ca/2011/08/baldwin-borough-adopts-community-rights.html",NA,1,"Link","Link",4,84,23,64,0,0,6,68,1,6,4,1,0,1,0,2011-01-01,2011-01-01
"120","Ban","Gas","Shale","United States of America","US","USA",840,"Pennsylvania",0,1,2013,"ongoing","https://marcellusdrilling.com/2013/12/pa-town-in-poconos-symbolically-votes-to-condemn-fracking/","http://www.poconorecord.com/article/20131230/NEWS/312300334",NA,1,"Link","Link",4,84,23,64,0,0,6,68,1,6,4,1,0,1,0,2013-01-01,2013-01-01
"121","Ban","Gas","Shale","United States of America","US","USA",840,"Pennsylvania",0,1,2018,"ongoing","http://mtpennborough.net/wp-content/uploads/2017/12/February-13.pdf",NA,NA,1,"Link","Link",4,84,23,64,0,0,6,68,1,6,4,1,0,1,0,2018-01-01,2018-01-01
"122","Limitation","Oil","Offshore","Cambodia","KH","KHM",116,"Phnom Penh",0,1,2021,NA,"https://oilprice.com/Energy/Crude-Oil/Cambodias-Only-Oil-Producing-Company-Is-About-To-Go-Bust.html",NA,NA,1,"Link","Link",1,2,1,0,0,2,1,0,2,0,0,0,0,0,0,2021-01-01,2021-01-01
"123","Ban","Coal","Coal","South Africa","ZA","ZAF",710,"Pretoria",0,1,2020,NA,"https://oxpeckers.org/2021/02/coal-on-its-way-out/",NA,NA,1,"Link","Link",4,3,4,1,0,2,0,2,3,0,2,0,0,0,0,2020-01-01,2020-01-01
"124","Moratorium","Gas","Shale","Canada","CA","CAN",124,"Quebec",0,1,2012,"2016","http://montrealgazette.com/news/quebec/couillard-rules-out-fracking","https://www.theglobeandmail.com/report-on-business/industry-news/energy-and-resources/quebec-paves-way-for-oil-gas-exploration-with-new-energy-plan/article33293910/","http://www.news1130.com/2017/07/31/environmentalists-prepared-to-fight-new-oil-and-gas-regulations-in-quebec/",1,"Link","Link",2,9,7,2,0,1,3,5,1,1,0,0,0,0,0,2012-01-01,2012-01-01
"125","Moratorium","Coal","Coal","Philippines","PH","PHL",608,"Quezon and Cebu",0,1,2021,NA,"https://www.bworldonline.com/smc-dropped-3-coal-fired-projects-doe-says-in-letter-to-think-tank/",NA,NA,1,"Link","Link",3,3,6,0,0,0,0,0,6,0,0,0,0,0,0,2021-01-01,2021-01-01
"126","Ban","Gas","Shale","Argentina","AR","ARG",32,"Rio Negro",0,1,2012,"ongoing","https://www.rionegro.com.ar/region/cinco-saltos-le-dijo-no-al-fracking-GQRN_1037518","http://www.8300.com.ar/2012/12/21/cinco-saltos-es-el-primer-municipio-de-latinoamerica-libre-de-fracking/",NA,1,"Link","Link",0,2,0,2,0,0,0,2,0,0,0,0,0,0,0,2012-01-01,2012-01-01
"127","Ban","Gas","Shale","United Kingdom","GB","GBR",826,"Scotland",0,1,2017,"ongoing","http://www.bbc.com/news/United-Kingdom-scotland-scotland-politics-42624749","https://www.theguardian.com/uk-news/2017/oct/03/scottish-government-bans-fracking-scotland-paul-wheelhouse","https://www.theguardian.com/uk-news/2019/oct/03/scottish-government-extends-ban-on-fracking",1,"Link","Link",2,4,3,3,0,0,1,4,1,0,0,0,0,0,0,2017-01-01,2017-01-01
"128","Limitation","Coal","Coal","Cambodia","KH","KHM",116,"Sihanouk Preah",0,1,2021,NA,"https://vodenglish.news/authorities-close-coal-ash-plant-that-coated-community-in-dust/",NA,NA,1,"Link","Link",1,2,1,0,0,2,1,0,2,0,0,0,0,0,0,2021-01-01,2021-01-01
"129","Moratorium","Coal","Coal","Philippines","PH","PHL",608,"Subic",0,1,2021,NA,"https://business.inquirer.net/322012/cancellation-of-meralcos-coal-power-plant-in-subic-a-victory-for-clean-energy-eco-groups",NA,NA,1,"Link","Link",3,3,6,0,0,0,0,0,6,0,0,0,0,0,0,2021-01-01,2021-01-01
"130","Moratorium","Gas","Shale","Australia","AU","AUS",36,"Tasmania",0,1,2015,"2020","http://dpipwe.tas.gov.au/Documents/Tasmanian%20Fracking%20Policy%20Statement_26-2-15.pdf","http://www.abc.net.au/news/2015-02-26/fracking-banned-for-five-years-by-tasmanian-government/6265378",NA,1,"Link","Link",0,8,5,2,1,0,0,6,1,0,1,0,0,0,0,2015-01-01,2015-01-01
"131","Ban","Gas","Shale","United States of America","US","USA",840,"Texas",0,1,2013,"2015","https://www.rt.com/us/dallas-passes-fracking-restrictions-178/","http://www.dallasobserver.com/news/texas-house-votes-to-ban-banning-fracking-7182177",NA,1,"Link","Link",4,84,23,64,0,0,6,68,1,6,4,1,0,1,0,2013-01-01,2013-01-01
"132","Ban","Gas","Shale","United States of America","US","USA",840,"Texas",0,1,2014,"2015","https://www.theguardian.com/environment/2014/dec/02/denton-texas-fracking-ban-oil","https://www.theguardian.com/environment/2015/may/22/denton-texas-banned-fracking-",NA,1,"Link","Link",4,84,23,64,0,0,6,68,1,6,4,1,0,1,0,2014-01-01,2014-01-01
"133","Ban","Gas","Shale","United States of America","US","USA",840,"Turtle Mt Band Chippewa",0,1,2016,"ongoing","https://indiancountrymedianetwork.com/news/turtle-mountain-tribal-council-bans-fracking/","http://www.yesmagazine.org/planet/in-north-dakotas-booming-oil-patch-one-tribe-beat-back-fracking-20160121",NA,1,"Link","Link",4,84,23,64,0,0,6,68,1,6,4,1,0,1,0,2016-01-01,2016-01-01
"134","Ban","Gas","Shale","Ireland","IE","IRL",372,"Ulster",0,1,2012,"ongoing","https://www.thejournal.ie/donegal-and-sligo-become-latest-local-authorities-to-ban-fracking-329929-Jan2012/","https://goodenergiesalliance.com/fracking-areas/local-authorities-say-no-to-fracking/","http://www.bbc.com/news/business-23069499",1,"Link","Link",1,4,0,5,0,0,0,4,0,0,0,0,0,0,0,2012-01-01,2012-01-01
"135","Ban","Gas","Shale","United States of America","US","USA",840,"Vermont",0,1,2012,"ongoing","https://www.reuters.com/article/us-us-fracking-vermont/vermont-poised-to-be-first-state-to-outlaw-fracking-idusBRE84718720120508","https://www.nrdc.org/experts/kate-sinding/vermont-becomes-first-state-ban-fracking",NA,1,"Link","Link",4,84,23,64,0,0,6,68,1,6,4,1,0,1,0,2012-01-01,2012-01-01
"136","Moratorium","Gas","Shale","Australia","AU","AUS",36,"Victoria",0,1,2017,"2020","https://www.hydrocarbons-technology.com/news/newsaustralian-state-victoria-passes-fracking-ban-bill-5757218/","http://www.abc.net.au/news/2016-08-30/victoria-to-ban-csg-fracking-and-unconventional-gas-exploration/7796944",NA,1,"Link","Link",0,8,5,2,1,0,0,6,1,0,1,0,0,0,0,2017-01-01,2017-01-01
"137","Moratorium","Oil & Gas",NA,"Australia","AU","AUS",36,"Victoria",0,1,2017,"2021","https://theconversation.com/victoria-quietly-lifted-its-gas-exploration-pause-but-banned-fracking-for-good-its-bad-news-for-the-climate-133923","https://reneweconomy.com.au/victoria-lifts-moratorium-on-onshore-gas-but-permanently-bans-fracking-91726/",NA,1,"Link","Link",0,8,5,2,1,0,0,6,1,0,1,0,0,0,0,2017-01-01,2017-01-01
"138","Ban","Gas","Shale","Australia","AU","AUS",36,"Victoria",0,1,2021,"ongoing","http://classic.austlii.edu.au/au/legis/vic/num_act/caba20218o2021389/notes.html","https://reneweconomy.com.au/victoria-lifts-moratorium-on-onshore-gas-but-permanently-bans-fracking-91726/",NA,1,"Link","Link",0,8,5,2,1,0,0,6,1,0,1,0,0,0,0,2021-01-01,2021-01-01
"139","Ban","Gas","Shale","United States of America","US","USA",840,"Virginia",0,1,2017,"ongoing","https://www.newsleader.com/story/news/local/2017/02/23/augusta-first-county-va-ban-fracking/98304310/","https://marcellusdrilling.com/2017/02/augusta-county-va-votes-to-illegally-ban-fracking/","https://www.southernenvironment.org/news-and-press/news-feed/augusta-county-first-in-virginia-to-prohibit-fracking",1,"Link","Link",4,84,23,64,0,0,6,68,1,6,4,1,0,1,0,2017-01-01,2017-01-01
"140","Ban","Gas","Shale","United States of America","US","USA",840,"Virginia",0,1,2017,"ongoing","http://www.richmond.com/news/virginia/richmond-county-becomes-second-locality-in-state-to-ban-fracking/article_06e7b739-ec18-5647-ae68-4426068e4cab.html","https://www.riverfriends.org/richmond-county-fracking/",NA,1,"Link","Link",4,84,23,64,0,0,6,68,1,6,4,1,0,1,0,2017-01-01,2017-01-01
"141","Moratorium","Gas","Shale","United Kingdom","GB","GBR",826,"Wales",0,1,2015,"ongoing","http://www.bbc.com/news/United-Kingdom-wales-politics-41489253","https://www.walesonline.co.United Kingdom/news/news-opinion/your-fracking-facts-face-consequences-10896279","http://www.assembly.wales/research%20documents/15-013%20-%20gas/15-013.pdf",1,"Link","Link",2,4,3,3,0,0,1,4,1,0,0,0,0,0,0,2015-01-01,2015-01-01
"142","Ban","All",NA,"United States of America","US","USA",840,"Washington",0,1,2019,"2019","https://www.sightline.org/2019/01/28/king-county-council-approves-moratorium-fossil-fuel-expansion/",NA,NA,1,"Link","Link",4,84,23,64,0,0,6,68,1,6,4,1,0,1,0,2019-01-01,2019-01-01
"143","Ban","Gas","Shale","United States of America","US","USA",840,"West Virginia",0,1,2011,"ongoing","https://www.foodandwaterwatch.org/sites/default/files/frack_actions_lewisburgwv.pdf","http://lewisburg-wv.com/wp-content/uploads/2017/05/Lewisburg-WV-2017-America-In-Bloom-Community-Profile.pdf",NA,1,"Link","Link",4,84,23,64,0,0,6,68,1,6,4,1,0,1,0,2011-01-01,2011-01-01
"144","Moratorium","Gas","Shale","Australia","AU","AUS",36,"Western Australia",0,1,2017,"2018","https://www.reuters.com/article/us-australia-gas-fracking/western-australia-halts-hydraulic-fracturing-to-probe-risks-idusKCN1BG16F","https://thewest.com.au/business/oil-gas/nt-lifts-fracking-ban-but-vows-rules-will-be-strict-ng-b88808774","https://www.theguardian.com/environment/2018/nov/27/wa-government-lifts-statewide-fracking-ban",1,"Link","Link",0,8,5,2,1,0,0,6,1,0,1,0,0,0,0,2017-01-01,2017-01-01
"145","Ban","Gas","Shale","Canada","CA","CAN",124,"Yukon",0,1,2017,"ongoing","http://www.cbc.ca/news/canada/north/yUnited Kingdomon-oil-gas-request-postings-cancelled-1.4417211","http://www.cbc.ca/news/canada/north/northern-cross-sues-yUnited Kingdomon-fracking-moratorium-1.4061685","http://www.nrcan.gc.ca/energy/sources/shale-tight-resources/17719",1,"Link","Link",2,9,7,2,0,1,3,5,1,1,0,0,0,0,0,2017-01-01,2017-01-01
"146","Ban","Oil","Leaded gasoline","Algeria","DZ","DZA",12,"Algeria (National)",1,0,2021,"ongoing","https://qz.com/africa/2053227/leaded-gasoline-is-now-banned-everywhere-on-earth/",NA,NA,1,"Link","Link",1,0,0,1,0,0,1,0,0,0,0,0,0,0,0,2021-01-01,2021-01-01
"147","Ban","Oil","Offshore","Belize","BZ","BLZ",84,"Belize (National)",1,0,2017,"ongoing","http://oceana.org/press-center/press-releases/belize-makes-history-introducing-offshore-oil-moratorium-legislation","https://www.kallanishenergy.com/2018/01/12/belize-adopts-offshore-drilling-moratorium/","https://www.theguardian.com/travel/2018/jan/14/belize-bans-oil-activity-to-protect-reef-diving-tourism-belize-barrier-reef",1,"Link","Link",1,0,0,1,0,0,1,0,0,0,0,0,0,0,0,2017-01-01,2017-01-01
"148","Ban","Gas","Shale","Bulgaria","BG","BGR",100,"Bulgaria (National)",1,0,2012,"ongoing","https://www.theguardian.com/world/2012/feb/14/bulgaria-bans-shale-gas-exploration","http://www.bbc.com/news/world-europe-16626580","https://www.eia.gov/analysis/studies/worldshalegas/pdf/Eastern_Europe_BULGARIA_ROMANIA_United KingdomRAINE_2013.pdf",1,"Link","Link",1,0,0,1,0,0,0,1,0,0,0,0,0,0,0,2012-01-01,2012-01-01
"149","Moratorium","Coal",NA,"Cambodia","KH","KHM",116,"Cambodia (National)",1,0,2021,NA,"https://www.khmertimeskh.com/50962220/cambodia-bans-new-coal-fired-power-plant-development-project/",NA,NA,1,"Link","Link",1,2,1,0,0,2,1,0,2,0,0,0,0,0,0,2021-01-01,2021-01-01
"150","Limitation","Coal","Coal","Canada","CA","CAN",124,"Canada (National)",1,0,2019,"2030","https://climate-laws.org/geographies/canada/laws/impact-assessment-act",NA,NA,1,"Link","Link",2,9,7,2,0,1,3,5,1,1,0,0,0,0,0,2019-01-01,2019-01-01
"151","Moratorium","Ore","Coal","China","CN","CHN",156,"China (National)",1,0,2016,"2020","https://unearthed.greenpeace.org/2017/05/16/china-coal-overcapacity-policy-hits-provinces/","https://unearthed.greenpeace.org/2016/07/13/china-keeps-building-coal-plants-despite-new-overcapacity-policy/","http://www.chinadaily.com.cn/bizchina/2016-12/31/content_27832007.htm",1,"Link","Link",1,0,1,0,0,0,0,0,0,0,0,0,0,0,1,2016-01-01,2016-01-01
"152","Moratorium","All",NA,"Costa Rica","CR","CRI",188,"Costa Rica (National)",1,0,2011,"2021","http://qcostarica.com/costa-rica-extends-to-2021-moratorium-on-oil-exploration/","http://www.ticotimes.net/2014/07/28/costa-rica-extends-ban-on-petroleum-extraction","https://www.iea.org/statistics/statisticssearch/report/?year=2015&country=COSTARICA&product=Balances",1,"Link","Link",1,0,1,0,0,0,0,0,0,0,0,0,0,1,0,2011-01-01,2011-01-01
"153","Moratorium","Gas","Shale","Czech Republic","CZ","CZE",203,"Czech Republic (National)",1,0,2012,"2014","http://aei.pitt.edu/58010/1/shale_gas_in_bulgaria_the_czech_republic_and_romania_net_0.pdf","http://visegradplus.org/visepedia-archive/osw-shale-gas-bulgaria-czech-republic-romania-political-context-legal-status-outlook/","https://www.indexmundi.com/energy/?country=cz&product=gas&graph=reserves",1,"Link","Link",1,0,1,0,0,0,0,1,0,0,0,0,0,0,0,2012-01-01,2012-01-01
"154","Ban","All",NA,"Denmark","DK","DNK",208,"Denmark (National)",1,0,2018,"ongoing","https://presse.ens.dk/news/regeringen-lukker-for-efterforskning-og-boring-efter-olie-og-gas-paa-land-i-danmark-295546","https://stateofgreen.com/en/partners/state-of-green/news/the-danish-government-ends-oil-and-gas-exploration-and-drilling-on-land/",NA,1,"Link","Link",2,1,1,1,0,1,0,0,0,0,1,0,0,1,0,2018-01-01,2018-01-01
"155","Limitation","Oil & Coal","Heating","Denmark","DK","DNK",208,"Denmark (National)",1,0,2016,"2030","https://climate-laws.org/geographies/denmark/policies/the-danish-climate-policy-plan",NA,NA,1,"Link","Link",2,1,1,1,0,1,0,0,0,0,1,0,0,1,0,2016-01-01,2016-01-01
"156","Ban","Ore","Ore","El Salvador","SV","SLV",222,"El Salvador (National)",1,0,2017,"ongoing","https://www.theguardian.com/global-development/2017/mar/30/el-salvador-makes-history-first-nation-to-impose-blanket-ban-on-metal-mining","https://www.telesurtv.net/english/news/El-Salvador-Approves-Historic-Ban-on-Mining-Projects-20170329-0032.html","https://minerals.usgs.gov/minerals/pubs/country/2001/camermyb01r.pdf",1,"Link","Link",1,0,0,1,0,0,0,0,0,0,0,0,0,0,1,2017-01-01,2017-01-01
"157","Ban","Coal","Coal","Finland","FI","FIN",246,"Finland (National)",1,0,2029,NA,"https://climate-laws.org/geographies/finland/laws/law-416-2019-banning-the-use-of-coal-for-energy-purposes",NA,NA,1,"Link","Link",1,0,0,1,0,0,0,0,1,0,0,0,0,0,0,2029-01-01,2029-01-01
"158","Ban","Gas","Shale","France","FR","FRA",250,"France (National)",1,0,2011,"ongoing","http://www.lemonde.fr/planete/article/2011/06/30/gaz-de-schiste-le-parlement-interdit-l-utilisation-de-la-fracturation-hydraulique_1543252_3244.html","https://www.eia.gov/analysis/studies/worldshalegas/pdf/Northern_Western_Europe_2013.pdf","https://www.theguardian.com/environment/2013/oct/11/france-fracking-ban-shale-gas",1,"Link","Link",2,0,0,2,0,0,0,1,0,0,0,0,0,1,0,2011-01-01,2011-01-01
"159","Ban","All",NA,"France","FR","FRA",250,"France (National)",1,0,2017,"ongoing","https://www.gouvernement.fr/projet-loi-hydrocarbures-France-premier-pays-interdit-exploitation-des-hydrocarbures","https://www.theguardian.com/environment/2017/dec/20/france-bans-fracking-and-oil-extraction-in-all-of-its-territories","https://www.petro-online.com/news/measurement-and-testing/14/breaking-news/what-led-to-france39s-oil-and-gas-ban/44854",1,"Link","Link",2,0,0,2,0,0,0,1,0,0,0,0,0,1,0,2017-01-01,2017-01-01
"160","Moratorium","Gas","Shale","Germany","DE","DEU",276,"Germany (National)",1,0,2016,"2021","https://www.tandfonline.com/doi/full/10.1080/02646811.2017.1318571#_i4","https://www.bundesregierung.de/Content/EN/StatischeSeiten/Schwerpunkte/Nachhaltigkeit/2016-07-08-fracking-gesetz_en.html","https://www.eia.gov/analysis/studies/worldshalegas/",1,"Link","Link",2,0,1,1,0,0,0,1,1,0,0,0,0,0,0,2016-01-01,2016-01-01
"161","Ban","Coal","Coal","Germany","DE","DEU",276,"Germany (National)",1,0,2038,NA,"https://climate-laws.org/geographies/germany/laws/law-on-the-reduction-and-termination-of-coal-fired-power-generation-and-the-amendment-of-further-laws-kohleausstiegsgesetz",NA,NA,1,"Link","Link",2,0,1,1,0,0,0,1,1,0,0,0,0,0,0,2038-01-01,2038-01-01
"162","Moratorium",NA,"Coal","Indonesia","ID","IDN",360,"Indonesia (National)",1,0,2040,NA,"https://ukcop26.org/global-coal-to-clean-power-transition-statement/",NA,NA,1,"Link","Link",5,NA,4,4,0,0,NA,NA,NA,NA,NA,NA,NA,NA,NA,2040-01-01,2040-01-01
"163","Ban",NA,"Oil","Indonesia","ID","IDN",360,"Indonesia (National)",1,0,2021,NA,"https://www.reuters.com/article/indonesia-mining/indonesia-court-ruling-on-mining-law-wont-deter-companies-extending-licences-miners-group-idUSL4N2RS27A",NA,NA,1,"Link","Link",5,NA,4,4,0,0,NA,NA,NA,NA,NA,NA,NA,NA,NA,2021-01-01,2021-01-01
"164","Ban","Coal","Coal (Exports)","Indonesia","ID","IDN",360,"Indonesia (National)",1,NA,NA,NA,"https://thediplomat.com/2022/01/indonesia-bans-coal-exports-to-head-off-blackouts/",NA,NA,NA,"0",NA,5,NA,4,4,0,0,NA,NA,NA,NA,NA,NA,NA,NA,NA,NA,NA
"165","Ban","Gas/Oil","Offshore","Ireland","IE","IRL",372,"Ireland (National)",1,0,2017,"ongoing","https://www.irishtimes.com/news/environment/state-set-to-ban-onshore-fracking-after-bill-passes-in-seanad-1.3137045","https://www.irishexaminer.com/breakingnews/business/dail-offshore-ban-vote-raises-ire-of-oil-industry-827209.html","https://www.irishtimes.com/business/oil-exploration-to-be-banned-in-irish-waters-and-gas-to-be-phased-out-1.4117284",1,"Link","Link",1,4,0,5,0,0,0,4,0,0,0,0,0,0,0,2017-01-01,2017-01-01
"166","Ban","Gas","Shale","Luxembourg","LU","LUX",442,"Luxembourg (National)",1,0,2013,"ongoing","https://luxtimes.lu/archives/23819-no-fracking-of-shale-gas-in-luxembourg","http://www.fracrisk.eu/countries/luxembourg/current-shale-gas-activity-luxembourg",NA,1,"Link","Link",1,0,0,1,0,0,0,1,0,0,0,0,0,0,0,2013-01-01,2013-01-01
"167","Limitation","Coal","Coal","Mauritius","MU","MUS",480,"Mauritius (National)",1,0,2021,NA,"https://www.euractiv.com/section/energy/news/cop26-190-nations-regions-and-organisations-commit-to-major-coal-power-and-financing-phase-outs/",NA,NA,1,"Link","Link",1,0,0,0,0,1,0,0,1,0,0,0,0,0,0,2021-01-01,2021-01-01
"168","Ban","Gas","Shale","Netherlands","NL","NLD",528,"Netherlands (National)",1,0,2015,"ongoing","https://www.dutchnews.nl/news/2018/02/dutch-minister-confirms-ban-on-drilling-shale-gas-not-an-option/","https://hcss.nl/sites/default/files/files/reports/Shale_Gas_webversieSC.pdf",NA,1,"Link","Link",2,1,0,3,0,0,0,2,1,0,0,0,0,0,0,2015-01-01,2015-01-01
"169","Ban","Coal","Coal","Netherlands","NL","NLD",528,"Netherlands (National)",1,0,2019,"2030","https://climate-laws.org/geographies/netherlands/laws/law-prohibiting-coal-in-electricity-production",NA,NA,1,"Link","Link",2,1,0,3,0,0,0,2,1,0,0,0,0,0,0,2019-01-01,2019-01-01
"170","Ban","Oil","Offshore","New Zealand","NZ","NZL",554,"New Zealand (National)",1,0,2018,"ongoing","http://gisborneherald.co.nz/localnews/3322337-135/moratorium-on-further-offshore-oil-exploration","https://www.theguardian.com/world/2018/apr/12/new-zealand-bans-all-new-offshore-oil-exploration-as-part-of-carbon-neutral-future",NA,1,"Link","Link",1,1,0,2,0,0,1,1,0,0,0,0,0,0,0,2018-01-01,2018-01-01
"171","Limitation","Coal","Coal","North Macedonia, Republic of","MK","MKD",NA,"North Macedonia, Republic of (National)",1,0,2020,"2025","https://climate-laws.org/geographies/north-macedonia-republic-of-north-macedonia/policies/energy-development-strategy-until-2040",NA,NA,1,"Link","Link",1,0,0,0,0,1,0,0,1,0,0,0,0,0,0,2020-01-01,2020-01-01
"172","Ban","Coal","Coal","Pakistan","PK","PAK",586,"Pakistan (National)",1,0,2020,"ongoing","https://www.climatechangenews.com/2020/12/16/pakistan-signals-coal-power-exit-potential-model-chinas-belt-road/",NA,NA,1,"Link","Link",1,0,0,1,0,0,0,0,1,0,0,0,0,0,0,2020-01-01,2020-01-01
"173","Moratorium","Coal","Coal","Philippines","PH","PHL",608,"Philippines (National)",1,0,2020,"ongoing","https://www.climatechangenews.com/2020/10/28/philippines-declares-moratorium-new-coal-power-plants/",NA,NA,1,"Link","Link",3,3,6,0,0,0,0,0,6,0,0,0,0,0,0,2020-01-01,2020-01-01
"174","Moratorium","Coal","Coal","Philippines","PH","PHL",608,"Philippines (National)",1,0,2020,"ongoing","https://www.climatechangenews.com/2020/10/28/philippines-declares-moratorium-new-coal-power-plants/","https://www.doe.gov.ph/press-releases/doe-sec-cusi-declares-moratorium-endorsements-greenfield-coal-power-plants",NA,1,"Link","Link",3,3,6,0,0,0,0,0,6,0,0,0,0,0,0,2020-01-01,2020-01-01
"175","Limitation","Coal","Coal","Poland","PL","POL",616,"Poland (National)",1,0,2021,"2040","https://climate-laws.org/geographies/poland/policies/energy-policy-of-poland-until-2030-and-2040-pep-2030-and-pep-2040",NA,NA,1,"Link","Link",1,0,0,0,0,1,0,0,1,0,0,0,0,0,0,2021-01-01,2021-01-01
"176","Moratorium","Oil","Petrol Vehicles","Singapore","SG","SGP",702,"Singapore (National)",1,0,2040,NA,"https://www.reuters.com/article/us-singapore-economy-budget-autos-idUSKBN20C15D",NA,NA,1,"Link","Link",4,0,4,0,0,0,1,0,3,0,0,0,0,0,0,2040-01-01,2040-01-01
"177","Moratorium","Coal",NA,"Singapore","SG","SGP",702,"Singapore (National)",1,0,2030,NA,"https://ukcop26.org/global-coal-to-clean-power-transition-statement/",NA,NA,1,"Link","Link",4,0,4,0,0,0,1,0,3,0,0,0,0,0,0,2030-01-01,2030-01-01
"178","Moratorium","Coal",NA,"Singapore","SG","SGP",702,"Singapore (National)",1,0,2050,NA,"https://www.straitstimes.com/world/singapore-pledges-to-phase-out-unabated-coal-in-electricity-mix-by-2050",NA,NA,1,"Link","Link",4,0,4,0,0,0,1,0,3,0,0,0,0,0,0,2050-01-01,2050-01-01
"179","Moratorium","Coal",NA,"Singapore","SG","SGP",702,"Singapore (National)",1,0,NA,NA,"https://www.cnbc.com/amp/2021/11/04/seo-cop26-165-countries-pledge-to-phase-out-coal.html",NA,NA,1,"Link","Link",4,0,4,0,0,0,1,0,3,0,0,0,0,0,0,NA,NA
"180","Limitation","Coal","Coal","Slovakia","SK","SVK",703,"Slovakia (National)",1,0,2019,"2030","https://climate-laws.org/geographies/slovakia/policies/greener-slovakia-strategy-of-the-environmental-policy-of-the-slovak-republic-until-2030",NA,NA,1,"Link","Link",1,0,0,0,0,1,0,0,1,0,0,0,0,0,0,2019-01-01,2019-01-01
"181","Moratorium","Gas","Shale","South Africa","ZA","ZAF",710,"South Africa (National)",1,0,2011,"2012","https://www.alternet.org/fracking/south-africa-lifts-fracking-moratorium-citizens-alarmed-us-fracking-examples","https://www.sourcewatch.org/index.php/South_Africa_and_fracking","https://www.indexmundi.com/energy/?country=nz&product=oil&graph=production",1,"Link","Link",4,3,4,1,0,2,0,2,3,0,2,0,0,0,0,2011-01-01,2011-01-01
"182","Moratorium","Oil & Gas",NA,"South Africa","ZA","ZAF",710,"South Africa (National)",1,0,2018,"2018","https://www.petroleum-economist.com/articles/politics-economics/africa/2018/south-africa-imposes-licensing-restrictions","https://m.miningweekly.com/article/mantashe-lifts-moratorium-on-oil-gas-applications-to-kickstart-exploration-2018-11-29/rep_id:3861",NA,1,"Link","Link",4,3,4,1,0,2,0,2,3,0,2,0,0,0,0,2018-01-01,2018-01-01
"183","Moratorium","Oil & Gas","Oil and gas","South Africa","ZA","ZAF",710,"South Africa (National)",1,0,2018,NA,"https://www.reuters.com/article/ozabs-uk-safrica-energy-idAFKCN1NY0Q0-OZABS",NA,NA,1,"Link","Link",4,3,4,1,0,2,0,2,3,0,2,0,0,0,0,2018-01-01,2018-01-01
"184","Limitation","Coal","Coal","South Africa","ZA","ZAF",710,"South Africa (National)",1,0,2020,NA,"https://www.hellenicshippingnews.com/as-all-of-the-global-coal-giants-exit-south-africa-eskom-to-depend-on-two-miners-for-70-of-its-supply/",NA,NA,1,"Link","Link",4,3,4,1,0,2,0,2,3,0,2,0,0,0,0,2020-01-01,2020-01-01
"185","Moratorium","Gas & Coal","Gas & Coal","Thailand","TH","THA",764,"Thailand (National)",1,0,2031,NA,"https://www.egat.co.th/en/images/about-egat/PDP2015_Eng.pdf",NA,NA,1,"Link","Link",1,0,1,0,0,0,0,0,0,0,0,0,0,0,0,2031-01-01,2031-01-01
"186","Moratorium","Gas","Shale","United Kingdom","GB","GBR",826,"United Kingdom (Supra-National)",1,0,2011,"2012","https://www.dlapiper.com/en/canada/insights/publications/2012/12/british-government-lifts-yearold-fracking-morato__/","https://www.wsj.com/articles/u-k-region-approves-first-fracking-permit-since-2011-1464029474",NA,1,"Link","Link",2,4,3,3,0,0,1,4,1,0,0,0,0,0,0,2011-01-01,2011-01-01
"187","Ban","Coal","Coal","United Kingdom","GB","GBR",826,"United Kingdom (Supra-National)",1,0,2021,"2024","https://www.gov.uk/government/news/end-to-coal-power-brought-forward-to-october-2024",NA,NA,1,"Link","Link",2,4,3,3,0,0,1,4,1,0,0,0,0,0,0,2021-01-01,2021-01-01
"188","Ban","Oil & Gas",NA,"United States of America","US","USA",840,"United States of America (National)",1,0,1972,"ongoing","https://web.archive.org/web/20120508220037/http://www.epa.gov/aboutepa/history/topics/mprsa/",NA,NA,1,"Link","Link",4,84,23,64,0,0,6,68,1,6,4,1,0,1,0,1972-01-01,1972-01-01
"189","Moratorium","Oil","Offshore","United States of America","US","USA",840,"United States of America (National)",1,0,2010,"2010","https://www.doi.gov/news/pressreleases/Salazar-Calls-for-New-Safety-Measures-for-Offshore-Oil-and-Gas-Operations-Orders-Six-Month-Moratorium-on-Deepwater-Drilling","http://www.pjstar.com/x1740775760/Judge-blocks-Gulf-offshore-drilling-moratorium","https://www.boem.gov/BOEM-2015-036/",1,"Link","Link",4,84,23,64,0,0,6,68,1,6,4,1,0,1,0,2010-01-01,2010-01-01
"190","Ban","Coal",NA,"United States of America","US","USA",840,"United States of America (National)",1,0,2016,"ongoing","https://www.washingtonpost.com/news/energy-environment/wp/2016/01/14/obama-administration-set-to-announce-moratorium-on-some-new-federal-coal-leases/","https://www.nytimes.com/2016/01/15/us/politics/in-climate-move-obama-to-halt-new-coal-mining-leases-on-public-lands.html",NA,1,"Link","Link",4,84,23,64,0,0,6,68,1,6,4,1,0,1,0,2016-01-01,2016-01-01
"191","Ban","Gas","Shale","Uruguay","UY","URY",858,"Uruguay (National)",1,0,2017,"ongoing","https://legislativo.parlamento.gub.uy/temporales/D20172311038-012141286.pdf#page=","https://ejatlas.org/conflict/fracking-sobre-el-acuifero-guarani","https://www.eia.gov/analysis/studies/worldshalegas/pdf/overview.pdf",1,"Link","Link",1,0,0,1,0,0,0,1,0,0,0,0,0,0,0,2017-01-01,2017-01-01
"192","Moratorium","Coal","Coal","Viet Nam","VN","VNM",704,"Viet Nam (National)",1,0,2030,NA,"https://ukcop26.org/global-coal-to-clean-power-transition-statement/",NA,NA,1,"Link","Link",2,0,2,0,0,0,0,0,2,0,0,0,0,0,0,2030-01-01,2030-01-01
